News Organization,Tweet Text,Positive Sentiment,Negative Sentiment,Neutral Sentiment,Compound Sentiment,Time of Tweet
CBS,"RT @ACMawards: That‚Äôs right! @Reba is headed to @CBSThisMorning on Thursday, March 1 to announce this year‚Äôs #ACMAwards' nominees. Tune in‚Ä¶",0.0,0.0,1.0,0.0,2018-02-26 21:08:30+00:00
CBS,"RT @KevinCanWaitCBS: Can you get all the way through these #KevinCanWait bloopers without laughing?! @KevinJames,@LeahRemini and the rest o‚Ä¶",0.0,0.0,1.0,0.0,2018-02-26 22:50:32+00:00
CBS,RT @LivinBiblically: The fun continues on Facebook! The #LivingBiblically cast is live to talk about tonight‚Äôs premiere. Tune in here: http‚Ä¶,0.152,0.0,0.848,0.5562,2018-02-27 03:23:47+00:00
CBS,"RT @thegoodfight: From the set design and costumes to hair and makeup, the production quality is truly next-level. Take a peek inside the u‚Ä¶",0.116,0.0,0.884,0.4404,2018-02-28 19:08:30+00:00
CBS,"RT @CBSThisMorning: TOMORROW: The nominees for the 2018 @ACMawards will be announced live by the one-and-only, @Reba! 

Watch on @CBS in ou‚Ä¶",0.0,0.0,1.0,0.0,2018-02-28 19:56:58+00:00
CBS,RT @survivorcbs: It‚Äôs time! #Survivor https://t.co/YPk6cGWrUA,0.0,0.0,1.0,0.0,2018-03-01 01:04:52+00:00
CBS,"The Queen of Country, @Reba, is returning to host the 53rd #ACMawards on Sunday, April 15 at 8/7c. Here are a few o‚Ä¶ https://t.co/Iqzz6Gql01",0.0,0.0,1.0,0.0,2018-03-01 13:50:11+00:00
CBS,".@ChrisStapleton, @ThomasRhett, @mirandalambert and more are all nominated for awards at Country Music's Party of t‚Ä¶ https://t.co/Vm1vXRUDYJ",0.275,0.0,0.725,0.6908,2018-03-01 14:15:29+00:00
CBS,"RT @ACMawards: Please give a round of applause to this year‚Äôs #ACMawards Entertainer of the Year nominees: @Jason_Aldean, @GarthBrooks, @Lu‚Ä¶",0.325,0.0,0.675,0.7717,2018-03-01 14:29:20+00:00
CBS,"RT @ACMawards: Congratulations to this year‚Äôs #ACMawards Video of the Year nominees:
‚ÄúBlack‚Äù - @DierksBentley
‚ÄúIt Ain‚Äôt My Fault‚Äù - @Brothe‚Ä¶",0.178,0.0,0.822,0.5994,2018-03-01 14:36:21+00:00
CBS,RT @KeithUrban: ACMs...... HOLY SMOKES!!!!! MAD LOVE TO U ALL THIS MORNING  FOR THESE INCREDIBLE NOMINATIONS. I‚ÄôM EXTREMELY GRATEFUL!!!!!!!‚Ä¶,0.234,0.151,0.615,0.4885,2018-03-01 18:10:50+00:00
CBS,RT @KelseaBallerini: Ohhhhh goodness. Incredible. Thank you thank you thank you. #female https://t.co/1ZTYjNfQeF,0.538,0.0,0.462,0.8591,2018-03-01 18:11:50+00:00
CBS,"RT @MarenMorris: Hot damn! Woke up from my post-wisdom teeth haze to find out I‚Äôm up for 4 @ACMawards ! So honored, especially for the Dear‚Ä¶",0.159,0.092,0.749,0.4547,2018-03-01 18:12:57+00:00
CBS,RT @ZoeListerJones: Tonight‚Äôs an all new Life In Pieces and it‚Äôs directed by my ride or die @nataliaanderson!!!‚Ä¶ https://t.co/2LPfmyLWrY,0.0,0.21,0.79,-0.6981,2018-03-01 18:59:01+00:00
CBS,"In honor of Women's History Month, CBS and the Association of National Advertisers' (ANA) #SeeHer initiative will p‚Ä¶ https://t.co/2wtYxKJVuO",0.151,0.0,0.849,0.4939,2018-03-02 18:45:00+00:00
CBS,"Join @maria_bello, @aishatyler and @TeaLeoni in celebrating the accomplishments of women who have contributed to th‚Ä¶ https://t.co/MefESBeFL3",0.282,0.0,0.718,0.7096,2018-03-02 20:30:01+00:00
CBS,"Who are the trailblazing women in your life that inspire you? Join CBS and the ANA's #SeeHer initiative, celebratin‚Ä¶ https://t.co/M0KqZ41Bes",0.247,0.0,0.753,0.7096,2018-03-02 22:30:01+00:00
CBS,"RT @thegoodfight: Tomorrow, #TheGoodFight is back. Stream the season 2 premiere only on CBS All Access: https://t.co/tNFR8LBJO2 https://t.c‚Ä¶",0.0,0.0,1.0,0.0,2018-03-03 20:55:20+00:00
CBS,"RT @thegoodfight: It feels good to be back. üë†üíÑüî• The season 2 premiere of #TheGoodFight is now streaming, exclusively on CBS All Access: htt‚Ä¶",0.116,0.0,0.884,0.4404,2018-03-04 08:05:26+00:00
CBS,"Will @Jason_Aldean, @garthbrooks, @LukeBryanOnline, @ChrisStapleton, or @KeithUrban be named Entertainer Of The Yea‚Ä¶ https://t.co/rMD8zjeX3s",0.167,0.0,0.833,0.3818,2018-03-05 22:16:43+00:00
CBS,"Meet the ensemble of talented actors slated to join $1, a new mystery series coming to CBS All Access:‚Ä¶ https://t.co/QoyYv7vxwg",0.244,0.0,0.756,0.6705,2018-03-06 18:10:59+00:00
CBS,"This just in! @Jason_Aldean, @mirandalambert, @LukeBryanOnline, and many more are set to perform at the 53rd Academ‚Ä¶ https://t.co/mfxw2VxzU4",0.0,0.0,1.0,0.0,2018-03-07 17:06:02+00:00
CBS,"RT @thegoodfight: Meticulously constructed. Soapy &amp; sexy. Intoxicating, savage television. üî• Here's what critics are saying about #TheGoodF‚Ä¶",0.15,0.23,0.619,-0.2023,2018-03-07 18:39:10+00:00
CBS,Take and post a photo of the woman in your life who inspires you daily! Use the hashtag #WomanAmenACM in your post‚Ä¶ https://t.co/7ShhvE48zy,0.132,0.0,0.868,0.4926,2018-03-08 17:03:04+00:00
CBS,Today and every day we celebrate the women in our lives who empower and inspire us. Share a story about an¬†influent‚Ä¶ https://t.co/9rVtqrElvT,0.336,0.0,0.664,0.8625,2018-03-08 18:00:49+00:00
CBS,RT @BlueBloods_CBS: Even stand-up guys fall down sometimes. #BlueBloods is new tonight at 10/9c! https://t.co/UOlDm22wWW,0.0,0.0,1.0,0.0,2018-03-09 16:02:27+00:00
CBS,"RT @thegoodfight: Smart, sexy, and sophisticated. See what's coming this season on #TheGoodFight. https://t.co/CuKhx2G50P https://t.co/ygTI‚Ä¶",0.447,0.0,0.553,0.8658,2018-03-09 18:27:28+00:00
CBS,"Give a round of applause to @KelseaBallerini, @MirandaLambert, @Reba, @MarenMorris, and @CarrieUnderwood, the five‚Ä¶ https://t.co/Ncp1BTXx6N",0.177,0.0,0.823,0.4215,2018-03-09 21:10:21+00:00
CBS,"RT @MomCBS: If you missed guest star @KChenoweth in the latest episode of #Mom, not to worry! Watch now: https://t.co/RlvXoGOZ0l https://t.‚Ä¶",0.113,0.092,0.795,0.1275,2018-03-09 22:24:20+00:00
CBS,RT @DierksBentley: Take and post a photo of the woman in your life who inspires you daily! Use the hashtag #WomanAmenACM in your post for a‚Ä¶,0.117,0.0,0.883,0.4926,2018-03-09 22:48:26+00:00
CBS,"RT @MadamSecretary: In less than an hour, #MadamSecretary's Keith Carradine will be taking over the @MadamSecretary Twitter page! Tweet alo‚Ä¶",0.0,0.0,1.0,0.0,2018-03-12 01:20:43+00:00
CBS,RT @thegoodfight: The verdict is in. The new season of #TheGoodFight is üî•üî•üî•! Stream it now on CBS All Access: https://t.co/FkYSNSXlRb https‚Ä¶,0.083,0.0,0.917,0.2244,2018-03-12 18:13:28+00:00
CBS,"Music stars @MileyCyrus, @edsheeran, @ladygaga, and more will honor the legendary @eltonofficial and his hit songs‚Ä¶ https://t.co/UzxARCCLnI",0.179,0.0,0.821,0.539,2018-03-13 14:15:10+00:00
CBS,"RT @ManWithAPlan: Hungry for more #ManWithAPlan bloopers and behind-the-scenes videos featuring cast like @matt_leblanc, @thelizasnyder, @k‚Ä¶",0.143,0.0,0.857,0.3612,2018-03-13 18:48:52+00:00
CBS,"Give these ladies some love! @Lauren_Alaina, @DBradbery, @carlypearce, and @RaeLynn are nominated for New Female Vo‚Ä¶ https://t.co/IVhwURfJ3S",0.219,0.0,0.781,0.6696,2018-03-14 19:30:01+00:00
CBS,RT @CBSSports: It's the most wonderful time of the year. #MarchMadness https://t.co/e4c9qohqSR,0.266,0.0,0.734,0.6115,2018-03-15 14:32:16+00:00
CBS,Stream First Round games LIVE today starting at 12PM ET with a FREE trial of CBS All Access! https://t.co/3P85rXLy4b https://t.co/vZow3YD8cb,0.194,0.0,0.806,0.6514,2018-03-15 16:42:41+00:00
CBS,RT @instinctcbs: Dr. Dylan Reinhart is lured back into the field from his life of quiet academia when a certain serial killer makes things‚Ä¶,0.077,0.157,0.766,-0.4939,2018-03-15 17:20:26+00:00
CBS,"RT @TheTalkCBS: You asked, we answered! The fun never ends when the ladies #KeepTalking and answer your fan questions üó£üí¨‚û°Ô∏è https://t.co/ie1‚Ä¶",0.237,0.0,0.763,0.7088,2018-03-15 17:54:06+00:00
CBS,The games have just begun! Continue to stream First Round games LIVE today with a FREE trial of CBS All Access:‚Ä¶ https://t.co/YTGsJ48zYP,0.178,0.0,0.822,0.6514,2018-03-16 16:28:40+00:00
CBS,"RT @thegoodfight: Go behind the scenes with costume designer @DanLawsonStyle in ""Behind The Style,"" a new weekly video series all about the‚Ä¶",0.0,0.0,1.0,0.0,2018-03-16 18:15:53+00:00
CBS,Stars @JakeMcDorman and Nik Dodani will join the cast in the upcoming revival of Murphy Brown coming to CBS.‚Ä¶ https://t.co/JCAx29lo0i,0.104,0.0,0.896,0.296,2018-03-16 22:53:21+00:00
CBS,Where better to spend #StPatricksDay than the place everybody knows your name? It‚Äôs just your luck that every singl‚Ä¶ https://t.co/Fom5wmdENL,0.247,0.0,0.753,0.7096,2018-03-17 14:00:03+00:00
CBS,How is your bracket looking after last night? Stream Second Round games LIVE today with a FREE trial of CBS All Acc‚Ä¶ https://t.co/25JlIpgwog,0.161,0.0,0.839,0.6166,2018-03-17 17:42:43+00:00
CBS,"If any duo knows how to rock the stage, it's @FLAGALine. The Vocal Duo Of The Year nominee will perform live at the‚Ä¶ https://t.co/FknabB8NQp",0.0,0.0,1.0,0.0,2018-03-17 19:00:02+00:00
CBS,"RT @instinctcbs: TONIGHT, Dr. Dylan Reinhart rewrites the book on abnormal behavior. Don't miss the premiere of #Instinct at 8/7c! https://‚Ä¶",0.08,0.0,0.92,0.1867,2018-03-18 17:09:53+00:00
CBS,Spend your Sunday streaming Second Round games LIVE with a FREE trial of CBS All Access! https://t.co/3P85rXLy4b https://t.co/zbWfirD9Ju,0.213,0.0,0.787,0.6514,2018-03-18 18:05:43+00:00
CBS,New start times in East/Central Time Zones: #60Minutes 7:37ET/6:37CT #Instinct series premiere 8:37ET/7:37CT‚Ä¶ https://t.co/xT3YKqmu2M,0.0,0.0,1.0,0.0,2018-03-18 23:44:30+00:00
CBS,"RT @YandR_CBS: Forever evolving, Forever inspiring, Forever Young and Restless. ‚ù§Ô∏è Get ready to celebrate 45 years of #YR starting in just‚Ä¶",0.309,0.072,0.619,0.7845,2018-03-19 21:02:26+00:00
CBS,"Country superstars @kennychesney, @ladyantebellum, @blakeshelton, and @KeithUrban have just been added to the stell‚Ä¶ https://t.co/bJ4If7MacP",0.0,0.0,1.0,0.0,2018-03-20 16:11:00+00:00
CBS,RT @ladyantebellum: Ecstatic to announce we'll be performing at the #ACMawards in Las Vegas again this year! https://t.co/Qfhs94j6FR,0.174,0.0,0.826,0.5562,2018-03-20 16:52:42+00:00
CBS,RT @nancyodell: Told my daughter I'd be presenting at @ACMawards again this year. (Woot woot!We both luv country music!)She took this pic o‚Ä¶,0.0,0.0,1.0,0.0,2018-03-20 17:58:43+00:00
CBS,The legendary @Reba returns to host the 53rd #ACMawards and she‚Äôs proving just how comfortable she is behind the mi‚Ä¶ https://t.co/XPXcSPRXqC,0.142,0.0,0.858,0.5106,2018-03-20 20:00:01+00:00
CBS,Female Vocalist Of The Year nominee @MarenMorris will show her fans how it‚Äôs done when she takes the stage to showc‚Ä¶ https://t.co/PITjmAoFT8,0.0,0.0,1.0,0.0,2018-03-21 18:00:01+00:00
CBS,Congratulations to all of the @CBSDaytime nominees for the #DaytimeEmmys! See the full list of #DaytimeEmmy nominee‚Ä¶ https://t.co/ivJVJWvfsf,0.198,0.0,0.802,0.636,2018-03-22 00:23:38+00:00
CBS,Save the date! These are season finales you do NOT want to miss. RT if you're excited! https://t.co/UUQoWsPPSh https://t.co/cDl4WmxMtU,0.311,0.066,0.623,0.7081,2018-03-22 20:52:02+00:00
CBS,Game on! 16 teams left and the race to the finish continues tonight. Stream #11 Loyola-Chicago vs #7 Nevada LIVE at‚Ä¶ https://t.co/W374rmzzoC,0.0,0.0,1.0,0.0,2018-03-22 22:10:29+00:00
CBS,"RT @HawaiiFive0CBS: Nothing like a man and his dog! üòçüê∂ Happy #NationalPuppyDay to Eddie, the best pup on the Five-0 Task Force! #H50 https:‚Ä¶",0.355,0.0,0.645,0.8997,2018-03-23 22:32:48+00:00
CBS,RT @SEALTeamCBS: In honor of #NationalPuppyDay... üòç #SEALTeam https://t.co/4mIZPpiRlU,0.314,0.0,0.686,0.4939,2018-03-23 22:33:04+00:00
CBS,Get ready for some sweet games! Stream #5 Clemson vs #1 Kansas LIVE at 7PM ET and #11 Syracuse vs #2 Duke LIVE at 9‚Ä¶ https://t.co/4WstgrKNnW,0.194,0.0,0.806,0.6996,2018-03-23 22:33:52+00:00
CBS,"Get on your feet for @Jason_Aldean, @ThomasRhett, @ChrisStapleton, @KeithUrban, and @ChrisYoungMusic, the five nomi‚Ä¶ https://t.co/oT5ogjdj4x",0.0,0.0,1.0,0.0,2018-03-24 20:00:02+00:00
CBS,"Get on your feet for @Jason_Aldean, @ThomasRhett, @ChrisStapleton, @KeithUrban, and @ChrisYoungMusic, the five nomi‚Ä¶ https://t.co/oT5ogjdj4x",0.0,0.0,1.0,0.0,2018-03-24 20:00:02+00:00
CBS,RT @MomCBS: ‚ÄúI love this job. I love working with these women. I love working in front of the live audience‚Ä¶ It‚Äôs alive and it‚Äôs fun.‚Äù - @A‚Ä¶,0.42,0.0,0.58,0.9451,2018-03-24 22:21:23+00:00
CBS,RT @MomCBS: ‚ÄúI love this job. I love working with these women. I love working in front of the live audience‚Ä¶ It‚Äôs alive and it‚Äôs fun.‚Äù - @A‚Ä¶,0.42,0.0,0.58,0.9451,2018-03-24 22:21:23+00:00
CBS,"RT @MomCBS: ""You get to appreciate working with such talented people."" - @AnnaKFaris #Mom #PaleyFest",0.333,0.0,0.667,0.7184,2018-03-24 22:21:26+00:00
CBS,"RT @MomCBS: ""You get to appreciate working with such talented people."" - @AnnaKFaris #Mom #PaleyFest",0.333,0.0,0.667,0.7184,2018-03-24 22:21:26+00:00
CBS,"RT @MomCBS: ""I'm not someone in recovery who goes to AA, but I have taken so much away from it...to take one day at a time."" - @theJaimePre‚Ä¶",0.0,0.0,1.0,0.0,2018-03-24 22:21:34+00:00
CBS,"RT @MomCBS: ""I'm not someone in recovery who goes to AA, but I have taken so much away from it...to take one day at a time."" - @theJaimePre‚Ä¶",0.0,0.0,1.0,0.0,2018-03-24 22:21:34+00:00
CBS,RT @MomCBS: Mom Co-Creator @GemmaRBaker just pointed out her own #Mom in the audience at #PaleyFest! üíú,0.0,0.0,1.0,0.0,2018-03-24 22:21:37+00:00
CBS,RT @MomCBS: Mom Co-Creator @GemmaRBaker just pointed out her own #Mom in the audience at #PaleyFest! üíú,0.0,0.0,1.0,0.0,2018-03-24 22:21:37+00:00
CBS,"RT @MomCBS: ""Go out for it anyway. If you're good for the role, you're good for the role."" @theJaimePressly's advice for aspiring actors wi‚Ä¶",0.209,0.0,0.791,0.7003,2018-03-24 22:25:03+00:00
CBS,"RT @MomCBS: ""Go out for it anyway. If you're good for the role, you're good for the role."" @theJaimePressly's advice for aspiring actors wi‚Ä¶",0.209,0.0,0.791,0.7003,2018-03-24 22:25:03+00:00
CBS,RT @MomCBS: A fan just commented that #Mom helped bring him out of a deep depression. üíúüíúüíú #PaleyFest,0.115,0.185,0.7,-0.34,2018-03-24 22:46:43+00:00
CBS,RT @MomCBS: A fan just commented that #Mom helped bring him out of a deep depression. üíúüíúüíú #PaleyFest,0.115,0.185,0.7,-0.34,2018-03-24 22:46:43+00:00
CBS,RT @MomCBS: That's a wrap on the #Mom panel at #PaleyFest! Thanks for following along! https://t.co/we4JgqPt6P,0.199,0.0,0.801,0.5399,2018-03-24 22:46:53+00:00
CBS,RT @MomCBS: That's a wrap on the #Mom panel at #PaleyFest! Thanks for following along! https://t.co/we4JgqPt6P,0.199,0.0,0.801,0.5399,2018-03-24 22:46:53+00:00
CBS,Don‚Äôt miss a minute of the action. Stream the¬†Elite Eight¬Æ¬†games LIVE today starting at 2PM ET with a FREE trial of‚Ä¶ https://t.co/8NwU8HdiHR,0.157,0.062,0.78,0.5319,2018-03-25 17:15:25+00:00
CBS,Don‚Äôt miss a minute of the action. Stream the¬†Elite Eight¬Æ¬†games LIVE today starting at 2PM ET with a FREE trial of‚Ä¶ https://t.co/8NwU8HdiHR,0.157,0.062,0.78,0.5319,2018-03-25 17:15:25+00:00
CBS,New start times in East/Central Time Zones #60Minutes 7:35ET/6:35CT #Instinct  8:35ET/7:35CT #NCISLA 9:35ET/8:35CT‚Ä¶ https://t.co/8W5hAeLrvs,0.0,0.0,1.0,0.0,2018-03-25 23:57:34+00:00
CBS,New start times in East/Central Time Zones #60Minutes 7:35ET/6:35CT #Instinct  8:35ET/7:35CT #NCISLA 9:35ET/8:35CT‚Ä¶ https://t.co/8W5hAeLrvs,0.0,0.0,1.0,0.0,2018-03-25 23:57:34+00:00
CBS,"Congratulations to the 53rd #ACMawards New Artist winners @Lauren_Alaina, @MidlandOfficial, and @BrettYoungMusic! W‚Ä¶ https://t.co/Fr8H4arwGj",0.378,0.0,0.622,0.807,2018-03-26 16:05:18+00:00
CBS,"Congratulations to the 53rd #ACMawards New Artist winners @Lauren_Alaina, @MidlandOfficial, and @BrettYoungMusic! W‚Ä¶ https://t.co/Fr8H4arwGj",0.378,0.0,0.622,0.807,2018-03-26 16:05:18+00:00
CBS,RT @ACMawards: Over the weekend @Reba called the ACM New Artist of the Year winners to let them know they had won! Let‚Äôs just say our New F‚Ä¶,0.214,0.0,0.786,0.7959,2018-03-26 16:59:19+00:00
CBS,RT @ACMawards: Over the weekend @Reba called the ACM New Artist of the Year winners to let them know they had won! Let‚Äôs just say our New F‚Ä¶,0.214,0.0,0.786,0.7959,2018-03-26 16:59:19+00:00
CBS,"RT @ACMawards: In case you didn‚Äôt know, the ACM for New Male Vocalist of the Year goes to @BrettYoungMusic. Check out his reaction when @Re‚Ä¶",0.0,0.0,1.0,0.0,2018-03-26 20:42:48+00:00
CBS,"RT @ACMawards: In case you didn‚Äôt know, the ACM for New Male Vocalist of the Year goes to @BrettYoungMusic. Check out his reaction when @Re‚Ä¶",0.0,0.0,1.0,0.0,2018-03-26 20:42:48+00:00
CBS,"RT @ACMawards: The ACM for New Vocal Group of the Year goes to @MidlandOfficial! And yes, that really was @Reba on the phone! #ACMawards ht‚Ä¶",0.12,0.0,0.88,0.508,2018-03-26 22:14:25+00:00
CBS,"RT @ACMawards: The ACM for New Vocal Group of the Year goes to @MidlandOfficial! And yes, that really was @Reba on the phone! #ACMawards ht‚Ä¶",0.12,0.0,0.88,0.508,2018-03-26 22:14:25+00:00
CBS,Join @eltonofficial and some of today's hottest names in music when they take the stage to perform his most memorab‚Ä¶ https://t.co/jz0jaShZIj,0.099,0.0,0.901,0.296,2018-03-27 17:00:00+00:00
CBS,Join @eltonofficial and some of today's hottest names in music when they take the stage to perform his most memorab‚Ä¶ https://t.co/jz0jaShZIj,0.099,0.0,0.901,0.296,2018-03-27 17:00:00+00:00
CBS,Count on Entertainer Of The Year nominee @LukeBryanOnline to crash the party with an epic performance at the 53rd‚Ä¶ https://t.co/27ua60HTqu,0.212,0.108,0.68,0.3818,2018-03-27 21:00:01+00:00
CBS,Count on Entertainer Of The Year nominee @LukeBryanOnline to crash the party with an epic performance at the 53rd‚Ä¶ https://t.co/27ua60HTqu,0.212,0.108,0.68,0.3818,2018-03-27 21:00:01+00:00
CBS,"Will @HIGHVALLEY, @LancoMusic, @LOCASHmusic, @MidlandOfficial, or @runawayjune be named New Vocal Duo Or Group Of T‚Ä¶ https://t.co/v0QIPLC47R",0.0,0.0,1.0,0.0,2018-03-29 17:30:02+00:00
CBS,"Will @HIGHVALLEY, @LancoMusic, @LOCASHmusic, @MidlandOfficial, or @runawayjune be named New Vocal Duo Or Group Of T‚Ä¶ https://t.co/v0QIPLC47R",0.0,0.0,1.0,0.0,2018-03-29 17:30:02+00:00
CBS,"Expect epic performances by @kanebrown , @kelly_clarkson, @OfficialJackson, and more at this year's 53rd #ACMawards‚Ä¶ https://t.co/3yso7Z0cjv",0.0,0.0,1.0,0.0,2018-03-29 17:32:40+00:00
CBS,"Expect epic performances by @kanebrown , @kelly_clarkson, @OfficialJackson, and more at this year's 53rd #ACMawards‚Ä¶ https://t.co/3yso7Z0cjv",0.0,0.0,1.0,0.0,2018-03-29 17:32:40+00:00
BBCWorld,Turning bread into beer to fight food waste https://t.co/4G2RZnHwF8,0.0,0.435,0.565,-0.6597,2018-03-29 23:19:50+00:00
BBCWorld,Colorado senator explains white privilege to colleagues https://t.co/9mL32lOf1d,0.263,0.0,0.737,0.3612,2018-03-30 00:03:14+00:00
BBCWorld,The teenager sentenced to 241 years in prison https://t.co/Hpr3KNH6AQ,0.0,0.386,0.614,-0.5267,2018-03-30 00:14:10+00:00
BBCWorld,"Obituary: Johan van Hulst, the teacher who saved Jewish children https://t.co/Rme8DazkLW",0.219,0.0,0.781,0.4215,2018-03-30 00:16:45+00:00
BBCWorld,Myanmar's Rohingya stuck in Bangladesh's 'no man's land' https://t.co/2i5yVG0nxC,0.0,0.375,0.625,-0.4939,2018-03-30 00:36:26+00:00
BBCWorld,Volkswagen's car 'graveyard' in California https://t.co/WPqjrzIAV3,0.0,0.0,1.0,0.0,2018-03-30 00:51:51+00:00
BBCWorld,Syria war: France offers to mediate between Turkey and Kurds https://t.co/PW3KxVlsaf,0.0,0.281,0.719,-0.5994,2018-03-30 01:58:17+00:00
BBCWorld,Russian spy: How big is the Kremlin's diplomatic network? https://t.co/8Ys9Klw0KP,0.0,0.0,1.0,0.0,2018-03-30 02:13:57+00:00
BBCWorld,Africa's week in pictures: 23-29 March 2018 https://t.co/OaN91YnM2C,0.0,0.0,1.0,0.0,2018-03-30 02:21:14+00:00
BBCWorld,El Salvador's shackled deportees become friends in adversity https://t.co/30m9g4A9mA,0.24,0.217,0.543,0.0772,2018-03-30 02:24:13+00:00
BBCWorld,"RT @BBCNewsAsia: A strong magnitude 6.9 earthquake has struck off the cost of Papua New Guinea's New Britain island, the US Geological Surv‚Ä¶",0.13,0.079,0.791,0.3182,2018-03-30 02:37:02+00:00
BBCWorld,"RT @BBCNewsAsia: Even in no man's land, Rohingya children know how to play and have fun. https://t.co/CEHN7XNEHS",0.26,0.1,0.639,0.5423,2018-03-30 03:27:13+00:00
BBCWorld,"RT @BBCBreaking: Israeli shelling reportedly kills a Palestinian in Gaza, where tension is high ahead of a protest along the border https:/‚Ä¶",0.0,0.315,0.685,-0.7783,2018-03-30 04:25:00+00:00
BBCWorld,Shelling 'kills Palestinian' in Gaza https://t.co/waX7SlXTUt,0.0,0.412,0.588,-0.5423,2018-03-30 04:28:03+00:00
BBCWorld,Cathay Pacific ends skirts-only rule for female staff https://t.co/3PTcts8skV,0.0,0.0,1.0,0.0,2018-03-30 04:42:04+00:00
BBCWorld,"RT @BBCNewsAsia: ‚ö°Ô∏è ‚ÄúCamera lost at sea for over two years found and returned to owner‚Äù

https://t.co/V9moYw1ehI",0.0,0.126,0.874,-0.3182,2018-03-30 04:42:27+00:00
BBCWorld,RT @BBCNewsAsia: Just in case you missed this epic story of how a camera lost at sea for more than two years was discovered on a Taiwan bea‚Ä¶,0.0,0.158,0.842,-0.5423,2018-03-30 04:44:59+00:00
BBCWorld,Korean Air 'nut rage' heiress makes management comeback https://t.co/nmrvz2wGnG,0.0,0.31,0.69,-0.5574,2018-03-30 04:51:40+00:00
BBCWorld,"RT @BBCNewsAsia: Brace yourselves. 

China's defunct space lab, Tiangong-1, should fall to Earth over the weekend. https://t.co/D6zHr74mUA",0.0,0.0,1.0,0.0,2018-03-30 05:12:28+00:00
BBCWorld,RT @BBCNewsAsia: The former Korean Air executive who was sacked and jailed for a 'nut rage' tantrum on board a plane has made a corporate c‚Ä¶,0.0,0.324,0.676,-0.8625,2018-03-30 05:49:39+00:00
BBCWorld,Easter: Irish pubs lift Good Friday alcohol ban https://t.co/Jfs8mwLBqL,0.215,0.267,0.519,-0.1779,2018-03-30 05:55:35+00:00
BBCWorld,"Colombian church donates 250,000 communion wafers to Venezuela https://t.co/UWTGBxvtQx",0.0,0.0,1.0,0.0,2018-03-30 07:18:08+00:00
BBCWorld,The South Korean rock band returning to perform in Pyongyang https://t.co/Wdyum09TQf,0.0,0.0,1.0,0.0,2018-03-30 07:27:58+00:00
BBCWorld,"RT @BBCVishalaSP: Female cabin crew at Cathay Pacific have won a battle to scrap a rule forcing them to wear skirts, we're asking does work‚Ä¶",0.136,0.095,0.769,0.2732,2018-03-30 07:46:20+00:00
BBCWorld,Grace Mugabe's farm invaded by Zimbabwe gold diggers https://t.co/tTffJxjUDr,0.259,0.0,0.741,0.4215,2018-03-30 09:01:54+00:00
BBCWorld,NZ seniors' group hits back at 'elderly driver' plates https://t.co/KrHANEWpya,0.0,0.0,1.0,0.0,2018-03-30 09:27:39+00:00
BBCWorld,Facebook 'ugly truth' growth memo haunts firm https://t.co/wkFtFBoWsH,0.345,0.373,0.282,-0.1027,2018-03-30 09:51:30+00:00
BBCWorld,Russia state of emergency as toxic dump fumes hit town near Moscow https://t.co/jzgICamFwk,0.0,0.387,0.613,-0.6486,2018-03-30 10:10:34+00:00
BBCWorld,"Coffee sold in California must carry cancer warning, judge rules https://t.co/TcX5BjGb8o",0.0,0.43,0.57,-0.7783,2018-03-30 11:04:58+00:00
BBCWorld,Spy poisoning: Russia expels 'unfriendly' Western diplomats https://t.co/BKgQvPNzfc,0.0,0.516,0.484,-0.7506,2018-03-30 12:04:18+00:00
BBCWorld,Test-launch footage of Russian ballistic missile Satan 2 https://t.co/X7CXi0R8Ss,0.0,0.0,1.0,0.0,2018-03-30 12:14:19+00:00
BBCWorld,"China's 'Jack the Ripper', Gao Chengyong, sentenced to death https://t.co/e8NAzpiKr2",0.0,0.385,0.615,-0.6124,2018-03-30 12:21:15+00:00
BBCWorld,Kim Jong-un visit: What else crosses the China-North Korea border? https://t.co/lPmI1xe0LS,0.0,0.0,1.0,0.0,2018-03-30 12:54:35+00:00
BBCWorld,Syria war: Turkey's Erdogan rejects French mediation offer https://t.co/aPHKNjOvSs,0.0,0.504,0.496,-0.7964,2018-03-30 12:56:56+00:00
BBCWorld,Lindsay Lohan loses GTA V privacy case appeal https://t.co/es4JwTwbFC,0.0,0.247,0.753,-0.3182,2018-03-30 13:01:35+00:00
BBCWorld,Scammers impersonate French first lady Brigitte Macron https://t.co/SE4Wy6tWPB,0.0,0.0,1.0,0.0,2018-03-30 13:41:07+00:00
BBCWorld,Vatican: Pope did not say there is no hell https://t.co/k9htWRJoNF,0.0,0.459,0.541,-0.7783,2018-03-30 13:43:56+00:00
BBCWorld,Noor Salman: Pulse nightclub shooter's widow not guilty https://t.co/afpEyQwyDJ,0.226,0.0,0.774,0.3252,2018-03-30 14:35:32+00:00
BBCWorld,Kosovo security chiefs sacked after six Turks deported https://t.co/ECtnW0DivL,0.231,0.0,0.769,0.34,2018-03-30 16:46:04+00:00
BBCWorld,Parkland student David Hogg rejects Fox News host's apology https://t.co/bt9Eu2uCbB,0.097,0.258,0.645,-0.4588,2018-03-30 16:48:14+00:00
CBS,Take and post a photo of the woman in your life who inspires you! The photo should only have one person against a n‚Ä¶ https://t.co/BHdxXlWfKP,0.127,0.0,0.873,0.4926,2018-03-30 16:50:00+00:00
CBS,Take and post a photo of the woman in your life who inspires you! The photo should only have one person against a n‚Ä¶ https://t.co/BHdxXlWfKP,0.127,0.0,0.873,0.4926,2018-03-30 16:50:00+00:00
BBCWorld,Texas woman jailed for five years for 'accidental' voter fraud https://t.co/x0oGoCCEED,0.0,0.438,0.562,-0.7906,2018-03-30 17:05:13+00:00
BBCWorld,Ronaldo statue: Sculptor Emanuel Santos takes another shot at bust https://t.co/uJ7u1IS5uN,0.0,0.0,1.0,0.0,2018-03-30 17:19:55+00:00
BBCWorld,Schwarzenegger has heart surgery https://t.co/7q1nkfhBuK,0.0,0.0,1.0,0.0,2018-03-30 17:32:08+00:00
BBCWorld,Police shot unarmed US man '7 times in back' https://t.co/XhBhOwZfw6,0.0,0.0,1.0,0.0,2018-03-30 18:48:07+00:00
BBCWorld,Mauritania court gives toughest sentence for slave owners https://t.co/JgcmnJy1DV,0.135,0.135,0.729,0.0,2018-03-30 19:15:36+00:00
BBCWorld,Iowa man wins legal battle to say hometown stinks https://t.co/L0Yxag5UGd,0.329,0.291,0.38,0.1531,2018-03-30 21:43:33+00:00
CNN,"Four videos recorded the night an officer shot Alton Sterling in 2016 were released by Baton Rouge police.

The rec‚Ä¶ https://t.co/SHRcuSe7iY",0.0,0.0,1.0,0.0,2018-03-30 21:48:06+00:00
CNN,The simple act of getting a haircut can end up being an assault on the senses for some. This barber soothed a child‚Ä¶ https://t.co/VdVwpyVLve,0.059,0.15,0.791,-0.5106,2018-03-30 21:59:14+00:00
BBCWorld,North Korea sanctions: UN blacklists shipping firms https://t.co/URRJ9FYvSX,0.0,0.0,1.0,0.0,2018-03-30 22:01:24+00:00
CNN,Will the spate of lawsuits against fringe media stop the flow of conspiracy theories? https://t.co/jzCSTqu115 https://t.co/PPTPB1a3Wa,0.0,0.356,0.644,-0.7351,2018-03-30 22:09:57+00:00
CNN,"Baton Rouge Police Officer Blane Salamoni, one of two officers involved in the fatal shooting of Alton Sterling, wi‚Ä¶ https://t.co/sgYOZYRKAp",0.0,0.156,0.844,-0.5423,2018-03-30 22:14:15+00:00
CNN,David Shulkin wants to tell his side of the story -- and he's speaking out everywhere https://t.co/RCkHV2SPjX https://t.co/75xGMw1eIH,0.0,0.0,1.0,0.0,2018-03-30 22:20:42+00:00
CNN,"BREAKING: Baton Rouge Police Officer Blane Salamoni, one of two officers involved in the fatal shooting of Alton St‚Ä¶ https://t.co/F9u1UNG5x2",0.0,0.156,0.844,-0.5423,2018-03-30 22:29:51+00:00
CNN,"Walmart is in the early stages of talks to buy the health insurance giant Humana, according to a Wall Street Journa‚Ä¶ https://t.co/VIggyj5nji",0.0,0.0,1.0,0.0,2018-03-30 22:36:22+00:00
nytimes,"The fatal police shooting of Alton Sterling in 2016 has led to the firing of one Baton Rouge, La., officer. Another‚Ä¶ https://t.co/DJpNOco0Sn",0.0,0.228,0.772,-0.7096,2018-03-30 22:38:40+00:00
nytimes,"RT @abscribe: After #Harvey pounded Texas, a @nytimes team of journalists spent time with families to understand how they made a decision t‚Ä¶",0.0,0.0,1.0,0.0,2018-03-30 22:50:04+00:00
CNN,Jim Carrey has been trolling Trump and the GOP with paintings. Here are the top 11 https://t.co/MHqgAuAyf7 https://t.co/L2Zlql8mD2,0.096,0.0,0.904,0.2023,2018-03-30 22:55:25+00:00
nytimes,"If the addition of a citizenship question to the 2020 census reduces participation of noncitizens, here are the sta‚Ä¶ https://t.co/VU2mtnAVvF",0.0,0.0,1.0,0.0,2018-03-30 23:00:04+00:00
BBCWorld,"Prince Laurent: ‚Ç¨46,000 blow for Belgium's 'cursed prince' https://t.co/FauI5N9jNo",0.0,0.0,1.0,0.0,2018-03-30 23:07:50+00:00
CNN,How Steve Bannon used Cambridge Analytica to further his alt-right vision for America https://t.co/iB1mHKZT7z https://t.co/uY8u1AbqFj,0.125,0.0,0.875,0.25,2018-03-30 23:08:07+00:00
CNN,President Donald Trump has issued a proclamation designating April as National Sexual Assault Awareness month‚Ä¶ https://t.co/kJLTw5PY4D,0.0,0.213,0.787,-0.5859,2018-03-30 23:13:26+00:00
nytimes,She was fit and healthy. So why did her right lung mysteriously collapse? https://t.co/cDamzO81ZG,0.268,0.165,0.567,0.25,2018-03-30 23:19:08+00:00
BBCWorld,Week in pictures: 24 - 30 March 2018 https://t.co/iS4Cvu0Am0,0.0,0.0,1.0,0.0,2018-03-30 23:24:44+00:00
CNN,"The White House is frustrated with the EPA's Scott Pruitt, the already embattled Cabinet secretary who is under scr‚Ä¶ https://t.co/Bk5ioNiNhA",0.0,0.152,0.848,-0.5267,2018-03-30 23:28:39+00:00
BBCWorld,The country where children fear election time https://t.co/Ns92Bo3Oq2,0.0,0.314,0.686,-0.4939,2018-03-30 23:29:22+00:00
CNN,"The attorneys for the family of Alton Sterling are speaking in Baton Rouge, Louisiana, following the police press c‚Ä¶ https://t.co/p8AJCD4fPj",0.0,0.0,1.0,0.0,2018-03-30 23:35:26+00:00
nytimes,The tech industry was once one of President Trump's most vocal opponents.  Now it has increasingly found common gro‚Ä¶ https://t.co/fETU5Ha4Ba,0.0,0.0,1.0,0.0,2018-03-30 23:37:45+00:00
BBCWorld,"Costa Rica polls: 'People hate us, we might move to Spain' https://t.co/Irr88AL04W",0.0,0.252,0.748,-0.5719,2018-03-30 23:49:19+00:00
nytimes,"Fiction: Brainy and Benighted, Lost in the Books of Bola√±o and Borges https://t.co/TzJz6yZlkY",0.0,0.161,0.839,-0.3182,2018-03-30 23:50:36+00:00
CNN,"President Trump designates April as ""Second Chance Month"" for people with criminal records https://t.co/7d7tzIidZK https://t.co/OVthlIfV8Q",0.109,0.185,0.707,-0.34,2018-03-30 23:50:58+00:00
BBCWorld,The men who had millions of lives in their hands https://t.co/bCDHwa18TE,0.0,0.0,1.0,0.0,2018-03-30 23:51:49+00:00
CNN,Exclusive: On board the 'Doomsday' plane that can wage nuclear war https://t.co/lwvbG4vTJo https://t.co/3OYg8dnklf,0.091,0.238,0.671,-0.5267,2018-03-30 23:56:00+00:00
BBCWorld,Breaking the period taboo in Pakistan https://t.co/zYqf0Us2fI,0.0,0.0,1.0,0.0,2018-03-30 23:56:50+00:00
nytimes,"""There's a lot about this country we need to learn a lot more about."" How President Trump's win shifted ABC's plans‚Ä¶ https://t.co/v4hhGN3ui5",0.167,0.0,0.833,0.5859,2018-03-31 00:07:36+00:00
CNN,Coffee may come with a cancer warning label in California https://t.co/BHrE6r8LnS https://t.co/YOVgknEY8c,0.0,0.43,0.57,-0.7783,2018-03-31 00:11:53+00:00
CNN,"US Ambassador to the United Nations Nikki Haley gave Karen Pierce, the UK's first female ambassador to the UN, a wa‚Ä¶ https://t.co/UKHHdYFnCv",0.123,0.0,0.877,0.4215,2018-03-31 00:12:33+00:00
nytimes,Walmart in Talks to Strengthen Ties to Health Insurer Humana https://t.co/bUhlWHpziI,0.187,0.0,0.813,0.3182,2018-03-31 00:14:35+00:00
CNN,This 17-year-old applied to 20 of the best universities in the US and was admitted to every single one with a full‚Ä¶ https://t.co/70VGFaqbhE,0.219,0.0,0.781,0.6808,2018-03-31 00:22:11+00:00
CNN,Former California governor and film star Arnold Schwarzenegger had open-heart surgery in California to replace a fa‚Ä¶ https://t.co/ilWRCPSyuH,0.0,0.0,1.0,0.0,2018-03-31 00:34:05+00:00
BBCWorld,In pictures: The churches of Lalibela in Ethiopia https://t.co/9GlKDomFOo,0.0,0.0,1.0,0.0,2018-03-31 00:38:37+00:00
CNN,Could this be a sign of change in the police shooting crisis? | By Roxanne Jones via @CNNOpinion‚Ä¶ https://t.co/102nyMqSop,0.0,0.204,0.796,-0.6249,2018-03-31 00:44:38+00:00
nytimes,"RT @NirajC: This week, a cryptocurrency company funded every classroom project on @DonorsChoose. https://t.co/W9hns5LcUf",0.0,0.0,1.0,0.0,2018-03-31 00:48:04+00:00
CNN,The internal FBI report that served as grounds for the firing of FBI Deputy Director Andrew McCabe includes key tes‚Ä¶ https://t.co/owthxm1Qop,0.0,0.107,0.893,-0.34,2018-03-31 00:55:17+00:00
CNN,Former Obama administration Attorney General Eric Holder said he will make a decision on running for president in 2‚Ä¶ https://t.co/fBlctwq6NT,0.0,0.0,1.0,0.0,2018-03-31 01:06:33+00:00
nytimes,"RT @nytimesarts: ‚ÄúKing of Kings,‚Äù ‚ÄúThe Greatest Story Ever Told,‚Äù ‚ÄúThe Passion of the Christ‚Äù ‚Äî and other sort-of Easter movies to stream h‚Ä¶",0.255,0.0,0.745,0.802,2018-03-31 01:10:06+00:00
CNN,"Michael Brown celebrates his acceptance to Stanford. The 17-year-old from Houston, Texas, applied to 20 of the best‚Ä¶ https://t.co/mEQLTx8ozD",0.283,0.0,0.717,0.7717,2018-03-31 01:12:38+00:00
nytimes,"Bar Americans From Man Booker Prize, Fed-Up British Authors Urge https://t.co/71d5rFUj4L",0.248,0.0,0.752,0.5106,2018-03-31 01:16:19+00:00
BBCWorld,Lake Chad: Can the vanishing lake be saved? https://t.co/30w1kByrbV,0.259,0.0,0.741,0.4215,2018-03-31 01:22:22+00:00
CNN,A federal judge has ruled against the Trump administration -- for now -- in a case brought by lawyers for pregnant‚Ä¶ https://t.co/CM7Uav1f6b,0.0,0.0,1.0,0.0,2018-03-31 01:27:52+00:00
nytimes,"Andrew Bosworth, a Facebook vice president, wrote, ‚ÄúMaybe someone dies in a terrorist attack coordinated on our too‚Ä¶ https://t.co/57UwrRVuh5",0.0,0.342,0.658,-0.8316,2018-03-31 01:29:06+00:00
CNN,"""Our fight can be any woman's fight."" Brazilian sports journalists may be having their #MeToo moment https://t.co/cQGYzfkVeU",0.0,0.14,0.86,-0.3818,2018-03-31 01:38:05+00:00
nytimes,Albany Strikes Deal on a Budget That Subverts Trump‚Äôs Tax Plan https://t.co/GZXgS4UGF0,0.0,0.2,0.8,-0.3612,2018-03-31 01:38:10+00:00
nytimes,"""We‚Äôll be here as long as it takes to get our demands met."" https://t.co/iSEdrUD7PC",0.0,0.0,1.0,0.0,2018-03-31 01:40:02+00:00
CNN,"President Trump likes ""Roseanne?"" Of course he does | By Dean Obeidallah via @CNNOpinion https://t.co/kctMHQG3a9 https://t.co/1ik8vALq8E",0.167,0.0,0.833,0.4215,2018-03-31 01:42:53+00:00
CNN,"RT @AC360: ""He simply is not qualified to take on one of the most complicated health care management jobs in the world."" - Norman Eisen on‚Ä¶",0.126,0.0,0.874,0.5367,2018-03-31 01:43:14+00:00
BBCWorld,Spring in Tashkent: Is Uzbekistan really opening up? https://t.co/b2DaiL0v6F,0.0,0.0,1.0,0.0,2018-03-31 01:44:15+00:00
CNN,Dennis Rodman weighs in on the prospect of a meeting between US President Donald Trump and North Korean leader Kim‚Ä¶ https://t.co/lZuOx6IGW1,0.104,0.0,0.896,0.296,2018-03-31 01:48:59+00:00
nytimes,A more aggressive Russia policy is being pushed by some Trump advisers after this week's diplomatic expulsions. Pre‚Ä¶ https://t.co/eR58DMCzP4,0.0,0.1,0.9,-0.2247,2018-03-31 01:52:06+00:00
CNN,"RT @OutFrontCNN: ""His misuse of taxpayer dollars over and over again is really what's concerning...I think he should resign. If he doesn't‚Ä¶",0.0,0.103,0.897,-0.34,2018-03-31 01:52:26+00:00
CNN,"""Holy hazelnut mocha! California may now be placing a warning label on coffee,"" writes David Wheeler via @CNNOpinion https://t.co/8NtGC9w49U",0.0,0.137,0.863,-0.4003,2018-03-31 01:53:17+00:00
CNN,"""What is odd and unprecedented is to have your daughter, your son-in-law, your pilot, your physician - you can go d‚Ä¶ https://t.co/pvsnU5lzf4",0.0,0.103,0.897,-0.3182,2018-03-31 01:53:43+00:00
CNN,"""When the fire alarm went off in my gym the other morning, barely anyone paid attention. ... Many of us are equally‚Ä¶ https://t.co/RR9qfL7SoF",0.0,0.186,0.814,-0.5859,2018-03-31 02:03:28+00:00
nytimes,Police Release New Body Camera Footage of Alton Sterling Shooting https://t.co/Lt5SNXzKsn,0.0,0.0,1.0,0.0,2018-03-31 02:05:47+00:00
BBCWorld,US may tie social media to visa applications https://t.co/T1ZkMcEGVs,0.0,0.0,1.0,0.0,2018-03-31 02:12:09+00:00
CNN,Google's Clips camera automates aspects of the picture-taking process. But can it replace photographers with an alg‚Ä¶ https://t.co/mU5I2iTH6G,0.0,0.0,1.0,0.0,2018-03-31 02:13:36+00:00
nytimes,"In Opinion

Michelle Goldberg says that Kevin Williamson's views about African-Americans, women, trans people and t‚Ä¶ https://t.co/HiOQXuS0WU",0.0,0.0,1.0,0.0,2018-03-31 02:16:37+00:00
nytimes,"Scott Pruitt, E.P.A. Chief, Rented Residence From Wife of Energy Lobbyist https://t.co/0CKCCXNnmE",0.16,0.0,0.84,0.2732,2018-03-31 02:18:20+00:00
nytimes,"In Opinion

Bret Stephens accepted Michelle Goldberg's open challenge to debate whether Kevin Williamson's views ar‚Ä¶ https://t.co/ZofSzvmvzS",0.185,0.0,0.815,0.34,2018-03-31 02:21:05+00:00
CNN,Is India distancing itself from the Tibetan exile community six decades after the Dalai Lama fled to the country?‚Ä¶ https://t.co/ZMPZV96hPG,0.0,0.0,1.0,0.0,2018-03-31 02:24:33+00:00
CNN,Mississippi State is heading to the NCAA women's national championship game after beating Louisville 73-63 in overt‚Ä¶ https://t.co/6AjYA3iWuq,0.132,0.137,0.731,-0.0258,2018-03-31 02:31:09+00:00
nytimes,"Sister Jean‚Äôs prayers are anything but bipartisan. ‚ÄúI ask God to be especially good to Loyola,‚Äù she said. https://t.co/bwaEasEsPc",0.29,0.0,0.71,0.7869,2018-03-31 02:37:42+00:00
nytimes,Does Hell Exist? And Did the Pope Give an Answer? https://t.co/kiElN9S4sq,0.0,0.332,0.668,-0.7149,2018-03-31 02:38:48+00:00
CNN,An official with the US Immigration and Customs Enforcement office in San Francisco apologized for posting an image‚Ä¶ https://t.co/kjCGRIXtEJ,0.113,0.0,0.887,0.3182,2018-03-31 02:46:06+00:00
nytimes,Today‚Äôs teens have been raised on cellphones and social media. Should we worry about them or just get out of their‚Ä¶ https://t.co/Qam8493mzr,0.0,0.121,0.879,-0.4404,2018-03-31 02:58:09+00:00
CNN,RT @CNNTonight: Rep. Ted Lieu says US Attorney General Jeff Sessions made the right call in appointing a prosecutor to investigate claims o‚Ä¶,0.0,0.0,1.0,0.0,2018-03-31 02:58:30+00:00
CNN,"To critics who say she should ""go away"" after losing to Trump, Hillary Clinton says, ""they never said that to any m‚Ä¶ https://t.co/C4BluiJ1DU",0.0,0.186,0.814,-0.5859,2018-03-31 03:01:02+00:00
CNN,The White House office that vets appointees is inexperienced and understaffed -- and aides played a drinking game i‚Ä¶ https://t.co/Kk1Vx3KkaL,0.118,0.0,0.882,0.34,2018-03-31 03:06:02+00:00
nytimes,"Tesla once looked like the future of the car industry. But as it burns cash and hits production snags, its own futu‚Ä¶ https://t.co/Oqk8bdC0TO",0.102,0.0,0.898,0.3612,2018-03-31 03:15:10+00:00
CNN,Ethan Sonneborn is 13 and he's running to be the next governor of Vermont https://t.co/aNi6zLG7st https://t.co/S5nfZMvWap,0.0,0.0,1.0,0.0,2018-03-31 03:16:02+00:00
nytimes,"U.S. Says It Can Pay for 100 Miles of Wall on 2,000-Mile Border https://t.co/MKwcvEdkUk",0.0,0.097,0.903,-0.1027,2018-03-31 03:19:05+00:00
nytimes,Vermont Legislature Passes Sweeping Gun Restrictions https://t.co/gb9ESCMdEx,0.0,0.286,0.714,-0.34,2018-03-31 03:28:39+00:00
CNN,"Dr. Bennet Omalu, a pioneering pathologist credited with discovering CTE, spoke Friday about the findings of his th‚Ä¶ https://t.co/MYDJGw3Wvv",0.128,0.0,0.872,0.3612,2018-03-31 03:31:01+00:00
BBCWorld,Sierra Leone votes in run-off between Maada Bio and Kamara https://t.co/6h2urangUI,0.0,0.0,1.0,0.0,2018-03-31 03:40:41+00:00
CNN,"From revolution to reform, how did the Vatican respond to the splintering of a once universal Catholic church?‚Ä¶ https://t.co/tYpjnWu1vS",0.0,0.0,1.0,0.0,2018-03-31 03:45:16+00:00
nytimes,Anguished Mourners Beg for Answers After Jail Fire in Venezuela https://t.co/2r7EZrE3md,0.0,0.5,0.5,-0.7906,2018-03-31 03:52:43+00:00
BBCWorld,Avatar: Scientology-style sect causes concern in Netherlands https://t.co/hGKfvz5aKk,0.0,0.0,1.0,0.0,2018-03-31 03:55:06+00:00
nytimes,"At your fingertips: The many sides of David Bowie. 

He was a musician, actor, painter, fashion pioneer ‚Äî and never‚Ä¶ https://t.co/U1uY2wWw1e",0.0,0.0,1.0,0.0,2018-03-31 04:00:19+00:00
CNN,"This curious cheetah hopped into a car on a safari trip. Thankfully, everyone remained calm, and no one was hurt‚Ä¶ https://t.co/q0l42J3hzo",0.301,0.089,0.61,0.6369,2018-03-31 04:02:20+00:00
nytimes,UConn Is Upset by Notre Dame in OT in the Women‚Äôs Final Four https://t.co/03MAnmcJ8R,0.0,0.167,0.833,-0.3818,2018-03-31 04:04:37+00:00
nytimes,What You Might Have Missed: 10 Weekend Reads From Opinion https://t.co/YUFD15bm6i,0.0,0.18,0.82,-0.296,2018-03-31 04:14:02+00:00
BBCWorld,Gaza-Israel border: UN seeks investigation over protest deaths https://t.co/slJ8bJ1KcX,0.0,0.2,0.8,-0.25,2018-03-31 04:14:12+00:00
CNN,"Former President Barack Obama says he aspires to create ""a million young Barack Obamas or Michelle Obamas"" who will‚Ä¶ https://t.co/PDc0nZA1n5",0.1,0.0,0.9,0.2732,2018-03-31 04:16:00+00:00
CNN,"Would you ride in this ""Roseanne"" car? A New York City subway train car was transformed to resemble Roseanne's livi‚Ä¶ https://t.co/jn8FRusjFB",0.0,0.0,1.0,0.0,2018-03-31 04:16:00+00:00
nytimes,Tesla Says Crashed Vehicle Had Been on Autopilot Before Fatal Accident https://t.co/ncu76CWMuV,0.0,0.398,0.602,-0.765,2018-03-31 04:23:19+00:00
CNN,Apple is proposing 13 new emojis in an effort to better represent people with disabilities https://t.co/ByWMuyNNrU https://t.co/2HETOC1giC,0.153,0.0,0.847,0.4404,2018-03-31 04:31:05+00:00
nytimes,Judge Temporarily Stops U.S. From Blocking Undocumented Teenagers‚Äô Abortions https://t.co/9spkLwsskX,0.0,0.344,0.656,-0.4939,2018-03-31 04:35:13+00:00
nytimes,"President Trump attacked Amazon, saying that it does not pay enough taxes and uses the United States postal system‚Ä¶ https://t.co/DhulEmxyAf",0.234,0.121,0.645,0.2013,2018-03-31 04:51:22+00:00
CNN,"""We're just scared of the water..."" Welcome to Martin County, Kentucky, where the tap water smells like diesel fuel‚Ä¶ https://t.co/kHUdQ6ZEhr",0.217,0.114,0.669,0.3818,2018-03-31 05:01:04+00:00
nytimes,"RT @ronlieber: That teacher with the student loan forgiveness problem I wrote about a few months back? The column fixed that problem, and t‚Ä¶",0.079,0.204,0.717,-0.5106,2018-03-31 05:07:49+00:00
CNN,He‚Äôs an algebra teacher in Oklahoma. And a bus driver. And a Little League umpire. And he drives for Uber and Lyft.‚Ä¶ https://t.co/skk1lgAN0W,0.0,0.0,1.0,0.0,2018-03-31 05:16:00+00:00
nytimes,"RT @nytimesarts: The pictures in this exhibition are a vivid indication of how Sally Mann turned her fears into art, our critic writes http‚Ä¶",0.0,0.189,0.811,-0.5994,2018-03-31 05:24:06+00:00
CNN,This 17-year-old applied to 20 of the best universities in the US and was admitted to every single one with a full‚Ä¶ https://t.co/8n7sRF58Qc,0.219,0.0,0.781,0.6808,2018-03-31 05:31:04+00:00
BBCWorld,Australia ball-tampering: David Warner's tearful apology https://t.co/uHjhDMGR4U,0.167,0.0,0.833,0.0516,2018-03-31 05:34:20+00:00
BBCWorld,Australia ball-tampering: David Warner's tearful apology https://t.co/uHjhDMGR4U,0.167,0.0,0.833,0.0516,2018-03-31 05:34:20+00:00
nytimes,A Russian man accused of hacking 3 American tech companies in 2012 has been extradited to the U.S. https://t.co/6bV8bpGhaw,0.0,0.121,0.879,-0.296,2018-03-31 05:40:19+00:00
BBCWorld,Malala returns to home town in Pakistan https://t.co/gPp8uHZInn,0.0,0.0,1.0,0.0,2018-03-31 05:43:43+00:00
BBCWorld,Malala returns to home town in Pakistan https://t.co/gPp8uHZInn,0.0,0.0,1.0,0.0,2018-03-31 05:43:43+00:00
CNN,The best travel photos of 2018 (so far) https://t.co/f7oG0f6gNu https://t.co/NwnB53lDWW,0.318,0.0,0.682,0.6369,2018-03-31 05:46:07+00:00
nytimes,"There‚Äôs been talk of bankruptcy swirling around Gibson, the Nashville-based guitar company. What happened? https://t.co/DNgMSBZpwT",0.0,0.0,1.0,0.0,2018-03-31 05:59:12+00:00
CNN,A rare look inside North Korean leader Kim Jong Un's armored train https://t.co/3jJ0Z6Em3X https://t.co/hzfxZShM9N,0.0,0.0,1.0,0.0,2018-03-31 06:01:37+00:00
nytimes,"Four trips to the Final Four with Maguire are considered enough to graduate, with a degree in bracketology and a mi‚Ä¶ https://t.co/jFTxeL9QSd",0.0,0.0,1.0,0.0,2018-03-31 06:16:03+00:00
CNN,Exclusive: On board the 'Doomsday' plane that can wage nuclear war https://t.co/fmev2gMTFU https://t.co/1krpyJOuSU,0.091,0.238,0.671,-0.5267,2018-03-31 06:31:05+00:00
nytimes,You know Loyola‚Äôs Sister Jean. Meet Villanova‚Äôs Father Rob. https://t.co/Dmq81J1abn,0.0,0.286,0.714,-0.5574,2018-03-31 06:32:18+00:00
CNN,JFK had a legendary love life. Did one of his affairs connect him with the mob? #TheKennedys Sunday at 9p on CNN. https://t.co/qoGELhh4m1,0.167,0.0,0.833,0.6369,2018-03-31 06:45:18+00:00
nytimes,"Before Loyola won it‚Äôs only NCAA championship in 1963, the integrated team met an all-white team from Mississippi S‚Ä¶ https://t.co/JtuxIAJEsQ",0.268,0.0,0.732,0.765,2018-03-31 06:48:34+00:00
CNN,"If you stand inside the world's quietest room for long enough, you start to hear your heartbeat. Then you lose your‚Ä¶ https://t.co/Kk3gi0xins",0.0,0.114,0.886,-0.4019,2018-03-31 07:01:02+00:00
nytimes,"Gym.
Tan.
Laundry.
Check on the kids. 
https://t.co/diSmCcvhfu",0.0,0.0,1.0,0.0,2018-03-31 07:05:05+00:00
nytimes,The history of basketball excellence at Catholic colleges stretches back as long as the tournament itself https://t.co/EtmzTYxAa6,0.204,0.0,0.796,0.6249,2018-03-31 07:21:19+00:00
BBCWorld,The graveyard of VW cars... ‚ö∞Ô∏è https://t.co/EE9Kw1y1xP,0.0,0.268,0.732,-0.296,2018-03-31 07:26:42+00:00
BBCWorld,The graveyard of VW cars... ‚ö∞Ô∏è https://t.co/EE9Kw1y1xP,0.0,0.268,0.732,-0.296,2018-03-31 07:26:42+00:00
CNN,President Donald Trump has issued a proclamation designating April as National Sexual Assault Awareness month‚Ä¶ https://t.co/PiJbQyct7Z,0.0,0.213,0.787,-0.5859,2018-03-31 07:31:04+00:00
BBCWorld,"Chocolate, cherries and Craig David https://t.co/ieqwqjtREN",0.0,0.0,1.0,0.0,2018-03-31 07:31:06+00:00
BBCWorld,"Chocolate, cherries and Craig David https://t.co/ieqwqjtREN",0.0,0.0,1.0,0.0,2018-03-31 07:31:06+00:00
nytimes,"The case of the missing sport coat has it all: video evidence, reparations, multiple apologies and a Final Four coa‚Ä¶ https://t.co/3BEeHImbqy",0.0,0.104,0.896,-0.296,2018-03-31 07:37:38+00:00
FoxNews,".@edhenry on @POTUS' border wall: ""They're gonna build this brick by brick whether the Democrats want the president‚Ä¶ https://t.co/YhhciaxkQW",0.067,0.0,0.933,0.0772,2018-03-31 07:40:00+00:00
nytimes,14 Million Visitors to U.S. Face Social Media Screening https://t.co/KNXBKtOasv,0.0,0.0,1.0,0.0,2018-03-31 07:48:20+00:00
FoxNews,.@HillaryClinton campaign app may have harvested Facebook data of millions https://t.co/FXpUWxdHJO,0.0,0.0,1.0,0.0,2018-03-31 07:58:00+00:00
CNN,A company donated $29 million in cryptocurrency to cover every single teacher request on a crowdfunding site https://t.co/dV0cPv6Ego,0.0,0.0,1.0,0.0,2018-03-31 08:01:02+00:00
BBCWorld,Alton Sterling: Cop dismissed over deadly Baton Rouge shooting https://t.co/ESU3RvAa3V,0.0,0.0,1.0,0.0,2018-03-31 08:02:11+00:00
BBCWorld,Alton Sterling: Cop dismissed over deadly Baton Rouge shooting https://t.co/ESU3RvAa3V,0.0,0.0,1.0,0.0,2018-03-31 08:02:11+00:00
nytimes,Loyola‚Äôs Ben Richardson and Clayton Custer have been winning basketball games together since they were in third gra‚Ä¶ https://t.co/SSVjJyVfZI,0.159,0.0,0.841,0.5267,2018-03-31 08:04:36+00:00
FoxNews,".@newtgingrich: ""Once in a while, Hollywood will make a movie that appeals to middle America that'll do amazingly w‚Ä¶ https://t.co/Hk9BpC2ymu",0.0,0.0,1.0,0.0,2018-03-31 08:09:00+00:00
BBCWorld,Inside train used by Kim Jong-un to travel to China https://t.co/PMd9X2jXiu,0.0,0.0,1.0,0.0,2018-03-31 08:16:07+00:00
BBCWorld,Inside train used by Kim Jong-un to travel to China https://t.co/PMd9X2jXiu,0.0,0.0,1.0,0.0,2018-03-31 08:16:07+00:00
nytimes,RT @nytfood: How Maida Heatter's famous East 62nd Street lemon cake came to be https://t.co/ZGpbqHQmjJ https://t.co/nU45f9zzhv,0.0,0.0,1.0,0.0,2018-03-31 08:21:17+00:00
FoxNews,We've reached a point in this country - the sheriffs have - where we can't stand by any longer and allow the contin‚Ä¶ https://t.co/nRejB10EvV,0.148,0.0,0.852,0.3182,2018-03-31 08:22:00+00:00
CNN,Jim Carrey has been trolling Trump and the GOP with paintings. Here are the top 11 https://t.co/oqAZCMfRq7 https://t.co/PRdrQwQXeL,0.096,0.0,0.904,0.2023,2018-03-31 08:31:04+00:00
FoxNews,".@SebGorka: ""This is just common sense finally returning to government."" https://t.co/wsMTIw7emQ",0.0,0.0,1.0,0.0,2018-03-31 08:36:00+00:00
nytimes,There remains a strong correlation between marriage and economic class in the American higher education system https://t.co/eEOrW8YT06,0.18,0.0,0.82,0.5106,2018-03-31 08:40:25+00:00
FoxNews,"Six MS-13 members facing murder, conspiracy charges, authorities say
https://t.co/RCjMVyAwUa",0.0,0.593,0.407,-0.8807,2018-03-31 08:41:36+00:00
FoxNews,7-year-old boy with Tourette's makes powerful video to stop teasing from classmates https://t.co/Ic0iDhJyfP,0.172,0.215,0.613,0.0772,2018-03-31 08:50:00+00:00
nytimes,5 times David Pecker and The National Enquirer have defended or championed President Trump https://t.co/6Q77qgM8KR,0.145,0.0,0.855,0.296,2018-03-31 08:56:53+00:00
BBCWorld,"RT @BBCSport: David Warner has said he is ""resigned to the fact"" he may never play for Australia again after his part in the ball-tampering‚Ä¶",0.0,0.149,0.851,-0.4653,2018-03-31 08:58:31+00:00
BBCWorld,"RT @BBCSport: David Warner has said he is ""resigned to the fact"" he may never play for Australia again after his part in the ball-tampering‚Ä¶",0.0,0.149,0.851,-0.4653,2018-03-31 08:58:31+00:00
FoxNews,".@LisaMarieBoothe: ""All we've been hearing about is: '@POTUS needs to get tougher on Russia, tougher on Russia.' An‚Ä¶ https://t.co/KT3zipKRqp",0.167,0.0,0.833,0.34,2018-03-31 09:00:02+00:00
CNN,Will the spate of lawsuits against fringe media stop the flow of conspiracy theories? https://t.co/YXJPGIHq1O https://t.co/a8mp6v54ER,0.0,0.356,0.644,-0.7351,2018-03-31 09:01:07+00:00
FoxNews,Woman gets 5 years for illegally voting in 2016 presidential election https://t.co/vCnPRIE2b8,0.0,0.0,1.0,0.0,2018-03-31 09:12:00+00:00
nytimes,Hope Hicks has left the building. Those left behind are wondering what happens now. https://t.co/hcrVO6Tk6K,0.172,0.0,0.828,0.4404,2018-03-31 09:13:56+00:00
FoxNews,Blue moon to light up sky ahead of Easter https://t.co/GlO0XSBD3o,0.0,0.0,1.0,0.0,2018-03-31 09:30:00+00:00
nytimes,Why do cracking knuckles make that sound? You might need a calculator to explain it. https://t.co/NduaA792O0,0.0,0.0,1.0,0.0,2018-03-31 09:30:49+00:00
CNN,The simple act of getting a haircut can end up being an assault on the senses for some. This barber soothed a child‚Ä¶ https://t.co/2S6n5I0J1R,0.059,0.15,0.791,-0.5106,2018-03-31 09:31:03+00:00
BBCWorld,"Hate food waste, love beer? üçûüçª https://t.co/PVeDQIkm03",0.286,0.442,0.272,-0.3182,2018-03-31 09:44:56+00:00
BBCWorld,"Hate food waste, love beer? üçûüçª https://t.co/PVeDQIkm03",0.286,0.442,0.272,-0.3182,2018-03-31 09:44:56+00:00
FoxNews,Actor @RealJamesWoods took to Twitter to denounce calls for repealing the Second Amendment. https://t.co/YOlWc6pbip https://t.co/ZO6PwFiRx9,0.0,0.146,0.854,-0.34,2018-03-31 09:45:00+00:00
nytimes,His wife's therapist told her to write a letter to his therapist. Did that cross a line? https://t.co/cbhZfmBA0o,0.0,0.0,1.0,0.0,2018-03-31 09:47:49+00:00
CNN,"Here are some of iOS 11.3's features you should know about:
- You can turn off the controversial iPhone-slowing fea‚Ä¶ https://t.co/P1qioImBTL",0.0,0.087,0.913,-0.2023,2018-03-31 10:01:04+00:00
BBCWorld,RT @bbcthree: The amazing deaf dancer sharing his love and passion with others https://t.co/LdHnu8Fmct,0.58,0.0,0.42,0.93,2018-03-31 10:02:07+00:00
BBCWorld,RT @bbcthree: The amazing deaf dancer sharing his love and passion with others https://t.co/LdHnu8Fmct,0.58,0.0,0.42,0.93,2018-03-31 10:02:07+00:00
nytimes,"Doctors: You‚Äôve Detailed Your Last Wishes, but Doctors May Not See Them https://t.co/tBuzWxgZOJ",0.098,0.0,0.902,0.0772,2018-03-31 10:02:59+00:00
BBCWorld,Spy poisoning: Russia expels more UK diplomats https://t.co/VuszYDdPxl,0.0,0.516,0.484,-0.7506,2018-03-31 10:05:53+00:00
BBCWorld,Spy poisoning: Russia expels more UK diplomats https://t.co/VuszYDdPxl,0.0,0.516,0.484,-0.7506,2018-03-31 10:05:53+00:00
FoxNews,U.N. Holds Emergency Meeting on Gaza Clashes https://t.co/yAfMAjwqwV https://t.co/yY8WTZbMHF,0.0,0.245,0.755,-0.3818,2018-03-31 10:14:43+00:00
nytimes,"RT @NYTMetro: The nanny who killed two children on the Upper West Side believed she was acting on a command from the Devil, a psychiatrist‚Ä¶",0.0,0.298,0.702,-0.872,2018-03-31 10:19:02+00:00
FoxNews,Ronald D. Vitello: ‚ÄúThere‚Äôs wall under construction right now‚Ä¶ We have plans for much more.‚Äù https://t.co/NpU7SOkSv4,0.0,0.0,1.0,0.0,2018-03-31 10:20:53+00:00
nytimes,Carry On: What Tyra Banks Can‚Äôt Travel Without https://t.co/MXeShXsksT,0.0,0.0,1.0,0.0,2018-03-31 10:21:34+00:00
CNN,"President Trump designates April as ""Second Chance Month"" for people with criminal records https://t.co/G3fkyyrVkq https://t.co/oU4lP9Wbfc",0.109,0.185,0.707,-0.34,2018-03-31 10:31:03+00:00
nytimes,"Citing Trump‚Äôs ""overtly bigoted statements,"" a federal judge ruled that a lawsuit to preserve the DACA program coul‚Ä¶ https://t.co/sqCZD9i8Mw",0.0,0.106,0.894,-0.2263,2018-03-31 10:38:46+00:00
BBCWorld,Tesla in fatal California crash was in Autopilot https://t.co/AJd2tl4clO,0.0,0.47,0.53,-0.7351,2018-03-31 10:40:54+00:00
BBCWorld,Tesla in fatal California crash was in Autopilot https://t.co/AJd2tl4clO,0.0,0.47,0.53,-0.7351,2018-03-31 10:40:54+00:00
FoxNews,.@RealCandaceO: ‚ÄúHillary lost because she keeps insulting Americans and her solution to that is to keep insulting A‚Ä¶ https://t.co/EPtgUEQvlg,0.088,0.335,0.577,-0.7506,2018-03-31 10:42:17+00:00
FoxNews,"Jury 'convinced' Noor Salman knew of Pulse nightclub attack, but had 'no option' but to acquit, foreman says https://t.co/TpkwDhyRnw",0.095,0.21,0.694,-0.3919,2018-03-31 10:50:59+00:00
nytimes,The story of one White House dinner shows how the National Enquirer's publisher has used President Trump's friendsh‚Ä¶ https://t.co/j1OZfxKUut,0.0,0.0,1.0,0.0,2018-03-31 10:55:29+00:00
CNN,The Utah Jazz's home arena has a sensory-inclusive space for fans with autism spectrum disorder and other intellect‚Ä¶ https://t.co/75nNGt4jZl,0.0,0.137,0.863,-0.4019,2018-03-31 11:01:03+00:00
CNN,The Utah Jazz's home arena has a sensory-inclusive space for fans with autism spectrum disorder and other intellect‚Ä¶ https://t.co/75nNGt4jZl,0.0,0.137,0.863,-0.4019,2018-03-31 11:01:03+00:00
FoxNews,"'Roseanne' revival scores renewal at ABC, report says https://t.co/qClDpNbAeb",0.0,0.0,1.0,0.0,2018-03-31 11:05:42+00:00
nytimes,"In case your heart is true, here's how to be a pal and a confidant https://t.co/Tz1wHLO2tR",0.177,0.0,0.823,0.4215,2018-03-31 11:13:05+00:00
FoxNews,Census citizenship question sparks firestorm of protest https://t.co/ugStcebFWU,0.0,0.222,0.778,-0.25,2018-03-31 11:21:49+00:00
FoxNews,California homeowner says she won't sell to Trump supporters: report https://t.co/tCpqfWLazC,0.225,0.0,0.775,0.4404,2018-03-31 11:24:51+00:00
nytimes,RT @NYTSports: The Dubai World Cup started racing on a camel track. Now it's the world's richest day of horse racing. https://t.co/bmfvOEla‚Ä¶,0.145,0.0,0.855,0.5267,2018-03-31 11:30:31+00:00
CNN,"Here's how Michael Brown celebrated his acceptance to Stanford. The 17-year-old from Houston, Texas, applied to 20‚Ä¶ https://t.co/3cDsmQDGkc",0.295,0.0,0.705,0.7717,2018-03-31 11:31:00+00:00
CNN,"Here's how Michael Brown celebrated his acceptance to Stanford. The 17-year-old from Houston, Texas, applied to 20‚Ä¶ https://t.co/3cDsmQDGkc",0.295,0.0,0.705,0.7717,2018-03-31 11:31:00+00:00
FoxNews,Wu-Tang Clan is launching a vodka https://t.co/y1W0QBxklL,0.0,0.0,1.0,0.0,2018-03-31 11:32:06+00:00
FoxNews,A little girl celebrated finishing up two and a half years of chemotherapy treatment by ringing a special bell crea‚Ä¶ https://t.co/BtjHYqnjSH,0.277,0.0,0.723,0.7287,2018-03-31 11:38:16+00:00
FoxNews,"President @realDonaldTrump delivers Passover, Easter message https://t.co/qw7zkDgvp1",0.0,0.0,1.0,0.0,2018-03-31 11:41:33+00:00
FoxNews,"Malala returns to Pakistan hometown for first time since being shot in 2012, says it's 'happiest day of my life' https://t.co/WbrdvGxuFP",0.174,0.0,0.826,0.6369,2018-03-31 11:45:33+00:00
nytimes,"A martyr for Korean independence, Yu Gwan-sun died at 17 and went on to become a national hero‚Ä¶ https://t.co/DgJMIUTDSd",0.0,0.184,0.816,-0.5574,2018-03-31 11:47:59+00:00
FoxNews,Man live-tweets riveting story of co-worker's stolen lunch https://t.co/s1IxaNsGWd,0.0,0.286,0.714,-0.4939,2018-03-31 11:53:42+00:00
FoxNews,Texas restaurant donates Friday profits to family of teen killed in hit-and-run: 'She had a heart of gold' https://t.co/NL8LYWtJkK,0.124,0.192,0.684,-0.3818,2018-03-31 11:57:41+00:00
CNN,Ethan Sonneborn is 13 and he's running to be the next governor of Vermont https://t.co/650JWWGetD https://t.co/aaBGheaDrO,0.0,0.0,1.0,0.0,2018-03-31 12:01:02+00:00
CNN,Ethan Sonneborn is 13 and he's running to be the next governor of Vermont https://t.co/650JWWGetD https://t.co/aaBGheaDrO,0.0,0.0,1.0,0.0,2018-03-31 12:01:02+00:00
FoxNews,"Six MS-13 members facing murder, conspiracy charges, authorities say https://t.co/dVlcZLukdv",0.0,0.593,0.407,-0.8807,2018-03-31 12:02:56+00:00
nytimes,RT @nytimesmusic: Can North Korea handle a K-pop invasion? https://t.co/F2zKcnxqQK https://t.co/6q7DdCC7RZ,0.0,0.0,1.0,0.0,2018-03-31 12:05:44+00:00
BBCWorld,Office lunch theft: the internet reacts https://t.co/9OHdHiqYrs,0.0,0.0,1.0,0.0,2018-03-31 12:06:03+00:00
BBCWorld,Office lunch theft: the internet reacts https://t.co/9OHdHiqYrs,0.0,0.0,1.0,0.0,2018-03-31 12:06:03+00:00
FoxNews,"Two boys tried to steal pizza delivery car but could not drive stick, cops say https://t.co/gJ0MQYHDXV",0.0,0.123,0.877,-0.2732,2018-03-31 12:10:22+00:00
FoxNews,"Trump freezing Syria funds in signal of US pullback, report says https://t.co/n1eJDQHeBY https://t.co/L5G64DExec",0.0,0.104,0.896,-0.1027,2018-03-31 12:15:12+00:00
FoxNews,"PURE JOY: A wheelchair swing was recently installed in a Fort Smith, Arkansas, park, and this young boy's reaction‚Ä¶ https://t.co/7Ny3ubzH6O",0.211,0.0,0.789,0.6739,2018-03-31 12:18:31+00:00
nytimes,11 of Our Best Weekend Reads https://t.co/RHkjZ1rHnD,0.412,0.0,0.588,0.6369,2018-03-31 12:22:08+00:00
FoxNews,Peggy Grande: ‚ÄúWe see a president who is unafraid to make change and that‚Äôs what he‚Äôs doing. Ronald Reagan did the‚Ä¶ https://t.co/vGwtFKd8h6,0.0,0.0,1.0,0.0,2018-03-31 12:22:18+00:00
BBCWorld,"David Warner apologises for his part in the ball-tampering scandal and says he has a ""tiny ray of hope"" he might pl‚Ä¶ https://t.co/nK6g1EFbsf",0.177,0.109,0.714,0.2023,2018-03-31 12:22:34+00:00
BBCWorld,"David Warner apologises for his part in the ball-tampering scandal and says he has a ""tiny ray of hope"" he might pl‚Ä¶ https://t.co/nK6g1EFbsf",0.177,0.109,0.714,0.2023,2018-03-31 12:22:34+00:00
CNN,"""We're just scared of the water..."" Welcome to Martin County, Kentucky, where the tap water smells like diesel fuel‚Ä¶ https://t.co/NKqMu29Feb",0.217,0.114,0.669,0.3818,2018-03-31 12:31:03+00:00
CNN,"""We're just scared of the water..."" Welcome to Martin County, Kentucky, where the tap water smells like diesel fuel‚Ä¶ https://t.co/NKqMu29Feb",0.217,0.114,0.669,0.3818,2018-03-31 12:31:03+00:00
FoxNews,Woman gets 5 years for illegally voting in 2016 presidential election https://t.co/96eyVkd2Wf,0.0,0.0,1.0,0.0,2018-03-31 12:41:55+00:00
nytimes,5 cheap(ish) things to help you become a better baker https://t.co/Vk5ggSbMyE,0.444,0.0,0.556,0.6808,2018-03-31 12:43:02+00:00
nytimes,5 cheap(ish) things to help you become a better baker https://t.co/Vk5ggSbMyE,0.444,0.0,0.556,0.6808,2018-03-31 12:43:02+00:00
BBCWorld,"""I'm just so happy to be home""

@Malala on her return to Pakistan for the first time since being shot by Taliban mi‚Ä¶ https://t.co/cMcD8TUnuQ",0.171,0.0,0.829,0.6948,2018-03-31 12:45:02+00:00
BBCWorld,"""I'm just so happy to be home""

@Malala on her return to Pakistan for the first time since being shot by Taliban mi‚Ä¶ https://t.co/cMcD8TUnuQ",0.171,0.0,0.829,0.6948,2018-03-31 12:45:02+00:00
FoxNews,.@dbongino: ‚ÄúYou should thank the lord every single day. You not only live in America but you live in America right‚Ä¶ https://t.co/gWxCq38sDq,0.077,0.0,0.923,0.1901,2018-03-31 12:52:14+00:00
BBCWorld,Indian lowest-caste Dalit man killed 'for owning horse' https://t.co/kUtVnFkcFK,0.0,0.36,0.64,-0.6705,2018-03-31 12:53:38+00:00
BBCWorld,Indian lowest-caste Dalit man killed 'for owning horse' https://t.co/kUtVnFkcFK,0.0,0.36,0.64,-0.6705,2018-03-31 12:53:38+00:00
FoxNews,Army considers tougher basic training https://t.co/L5vvCo0ill,0.254,0.0,0.746,0.1779,2018-03-31 12:55:49+00:00
FoxNews,.@realDonaldTrump Answers Boy Seeking Kidney for Father: 'You're a Brave Young Man With a Big Heart' https://t.co/gmrYeH1v2x,0.195,0.0,0.805,0.5267,2018-03-31 12:59:37+00:00
CNN,"About 2.5% of people who went to the doctor in the week ending March 24 had flu-like symptoms, the CDC says https://t.co/0QDB4nkM4I",0.0,0.0,1.0,0.0,2018-03-31 13:01:05+00:00
CNN,"About 2.5% of people who went to the doctor in the week ending March 24 had flu-like symptoms, the CDC says https://t.co/0QDB4nkM4I",0.0,0.0,1.0,0.0,2018-03-31 13:01:05+00:00
nytimes,"The music that caught our critics‚Äô attention this week, including Cardi B's newest track https://t.co/GblXoLmkKV",0.0,0.0,1.0,0.0,2018-03-31 13:01:58+00:00
nytimes,"The music that caught our critics‚Äô attention this week, including Cardi B's newest track https://t.co/GblXoLmkKV",0.0,0.0,1.0,0.0,2018-03-31 13:01:58+00:00
FoxNews,Harvard scrubs 'Puritans' from alma mater because it is not 'inclusive' https://t.co/SmlcqGbRAT,0.0,0.0,1.0,0.0,2018-03-31 13:02:20+00:00
nytimes,"Your Money: A Student Loan Fix for a Teacher, and Many Other Public Servants https://t.co/FEuSrUcNBc",0.0,0.0,1.0,0.0,2018-03-31 13:17:40+00:00
nytimes,"Your Money: A Student Loan Fix for a Teacher, and Many Other Public Servants https://t.co/FEuSrUcNBc",0.0,0.0,1.0,0.0,2018-03-31 13:17:40+00:00
FoxNews,.@THEHermanCain: ‚Äú[@realDonaldTrump‚Äôs] policies are helping the entire country.‚Äù https://t.co/Q1gTMr4ptP,0.216,0.0,0.784,0.296,2018-03-31 13:22:43+00:00
FoxNews,.@THEHermanCain: ‚ÄúAmazon should be left alone and let the market determine their fate.‚Äù https://t.co/TudlPPFMGE,0.0,0.133,0.867,-0.25,2018-03-31 13:24:09+00:00
BBCWorld,There's a good reason why this woman was asked to play the flute during brain surgery üß† https://t.co/5SjPgUBZ77,0.275,0.0,0.725,0.6486,2018-03-31 13:25:22+00:00
BBCWorld,There's a good reason why this woman was asked to play the flute during brain surgery üß† https://t.co/5SjPgUBZ77,0.275,0.0,0.725,0.6486,2018-03-31 13:25:22+00:00
FoxNews,Pippa Middleton's father-in-law arrested and charged with raping a child in 1990s https://t.co/dgH1580iMX,0.0,0.519,0.481,-0.8658,2018-03-31 13:27:40+00:00
CNN,Do you dream of escaping to the country and running your own bookstore? There's an Airbnb for that‚Ä¶ https://t.co/zZBoaLyoHr,0.158,0.0,0.842,0.296,2018-03-31 13:31:03+00:00
CNN,Do you dream of escaping to the country and running your own bookstore? There's an Airbnb for that‚Ä¶ https://t.co/zZBoaLyoHr,0.158,0.0,0.842,0.296,2018-03-31 13:31:03+00:00
nytimes,"RT @nytimesarts: Tina Fey on how to make a ""Mean Girls"" musical: ""Embracing nerdery"" is ""the core of the story"" https://t.co/p3RSfYOJdT",0.0,0.0,1.0,0.0,2018-03-31 13:36:17+00:00
nytimes,"RT @nytimesarts: Tina Fey on how to make a ""Mean Girls"" musical: ""Embracing nerdery"" is ""the core of the story"" https://t.co/p3RSfYOJdT",0.0,0.0,1.0,0.0,2018-03-31 13:36:17+00:00
FoxNews,"Cancer experts say coffee is safe, despite California's new warning label requirement https://t.co/vyDXsUV9RA",0.255,0.228,0.517,-0.119,2018-03-31 13:39:28+00:00
FoxNews,Pilot kisses ground after emergency landing in Florida https://t.co/YvYHKYRUio https://t.co/uYQXa9sETi,0.237,0.187,0.576,0.1779,2018-03-31 13:41:42+00:00
FoxNews,"Sheriff Mark Dannels: ""We need to have a secure border in this country."" https://t.co/ygwTEkV453",0.167,0.0,0.833,0.34,2018-03-31 13:51:28+00:00
nytimes,"Notre Dame defeated UConn, the juggernaut of women‚Äôs basketball, in a Final Four overtime thriller. Next up: Missis‚Ä¶ https://t.co/4Od7gVsNcb",0.068,0.151,0.78,-0.4019,2018-03-31 14:00:09+00:00
nytimes,"Notre Dame defeated UConn, the juggernaut of women‚Äôs basketball, in a Final Four overtime thriller. Next up: Missis‚Ä¶ https://t.co/4Od7gVsNcb",0.068,0.151,0.78,-0.4019,2018-03-31 14:00:09+00:00
CNN,"Dr. Bennet Omalu, a pioneering pathologist credited with discovering CTE, spoke Friday about the findings of his th‚Ä¶ https://t.co/MIqPiRqDbM",0.128,0.0,0.872,0.3612,2018-03-31 14:01:06+00:00
CNN,"Dr. Bennet Omalu, a pioneering pathologist credited with discovering CTE, spoke Friday about the findings of his th‚Ä¶ https://t.co/MIqPiRqDbM",0.128,0.0,0.872,0.3612,2018-03-31 14:01:06+00:00
FoxNews,Dennis Rodman: I hope Kim Jong Un wears a 'Make America Great Again' hat after meeting Trump https://t.co/HeqJq2l6Nn,0.333,0.0,0.667,0.7906,2018-03-31 14:10:48+00:00
nytimes,Do you know anyone in these civil rights photos? We‚Äôre hoping you might be able to help us identify these people.‚Ä¶ https://t.co/Mdr5O0em2P,0.216,0.0,0.784,0.6705,2018-03-31 14:15:08+00:00
nytimes,Do you know anyone in these civil rights photos? We‚Äôre hoping you might be able to help us identify these people.‚Ä¶ https://t.co/Mdr5O0em2P,0.216,0.0,0.784,0.6705,2018-03-31 14:15:08+00:00
FoxNews,Sacramento nurse placed on leave after post saying Stephon Clark 'deserved it' https://t.co/Vpbzakm40r,0.0,0.091,0.909,-0.0516,2018-03-31 14:22:43+00:00
nytimes,"RT @karenyourish: Like a game of musical chairs, every week of the Trump administration seems to leave someone without a seat at the presid‚Ä¶",0.105,0.051,0.844,0.3182,2018-03-31 14:25:04+00:00
nytimes,"RT @karenyourish: Like a game of musical chairs, every week of the Trump administration seems to leave someone without a seat at the presid‚Ä¶",0.105,0.051,0.844,0.3182,2018-03-31 14:25:04+00:00
FoxNews,".@RepDaveBrat: ""The new appointment isn't sufficient. He reports to Rosenstein and Rosenstein is in the middle of t‚Ä¶ https://t.co/OVf047VTg8",0.0,0.0,1.0,0.0,2018-03-31 14:26:39+00:00
CNN,The UN calls for an inquiry after Gaza's most violent day in 4 years https://t.co/tp4asuFMrj https://t.co/90uWE3qBUv,0.0,0.23,0.77,-0.6361,2018-03-31 14:30:13+00:00
CNN,The UN calls for an inquiry after Gaza's most violent day in 4 years https://t.co/tp4asuFMrj https://t.co/90uWE3qBUv,0.0,0.23,0.77,-0.6361,2018-03-31 14:30:13+00:00
FoxNews,Trump rips California governor for pardoning ex-cons facing deportation https://t.co/ylWu7LJnfa,0.231,0.0,0.769,0.4019,2018-03-31 14:30:40+00:00
nytimes,"EPA Chief Scott Pruitt, whose travel expenses have already drawn the attention of the House Oversight Committee, re‚Ä¶ https://t.co/oRWZj2YRZy",0.0,0.0,1.0,0.0,2018-03-31 14:35:02+00:00
nytimes,"EPA Chief Scott Pruitt, whose travel expenses have already drawn the attention of the House Oversight Committee, re‚Ä¶ https://t.co/oRWZj2YRZy",0.0,0.0,1.0,0.0,2018-03-31 14:35:02+00:00
FoxNews,".@KatTimpf: ""It's very offensive to suggest that these millions of American women who voted for Trump only did so b‚Ä¶ https://t.co/vKknqoDyaO",0.0,0.141,0.859,-0.5095,2018-03-31 14:35:48+00:00
FoxNews,".@NelsonforOC: ""It's unconstitutional to prevent law enforcement officers from appropriately communicating with the‚Ä¶ https://t.co/TKY1CDEKka",0.078,0.0,0.922,0.0258,2018-03-31 14:40:30+00:00
FoxNews,".@SimonettiLauren: ""There's the whole interior of the country that might not see things as liberal New York and Cal‚Ä¶ https://t.co/2hh95XZEHk",0.0,0.0,1.0,0.0,2018-03-31 14:41:18+00:00
nytimes,"RT @nytgraphics: Here's how Trump's top staff turnover compares to recent presidents. 
https://t.co/UWbco5N5Uo https://t.co/rKGYPfe56r",0.122,0.0,0.878,0.2023,2018-03-31 14:45:07+00:00
nytimes,"RT @nytgraphics: Here's how Trump's top staff turnover compares to recent presidents. 
https://t.co/UWbco5N5Uo https://t.co/rKGYPfe56r",0.122,0.0,0.878,0.2023,2018-03-31 14:45:07+00:00
CNN,Malala Yousafzai returns to hometown in Pakistan https://t.co/HNwLQvhO8Q https://t.co/5LxTbSobJh,0.0,0.0,1.0,0.0,2018-03-31 14:45:09+00:00
CNN,Malala Yousafzai returns to hometown in Pakistan https://t.co/HNwLQvhO8Q https://t.co/5LxTbSobJh,0.0,0.0,1.0,0.0,2018-03-31 14:45:09+00:00
FoxNews,Fox News Poll: Vote for Congress in your district. https://t.co/gUwpB1XvA6,0.0,0.0,1.0,0.0,2018-03-31 14:47:29+00:00
FoxNews,".@RepJohnYarmuth: ""We're perfectly in favor of giving middle income Americans a break, and we're all supportive of‚Ä¶ https://t.co/vhggRComjt",0.469,0.0,0.531,0.8885,2018-03-31 14:51:53+00:00
nytimes,The week's most notable new music https://t.co/ZVgG5tgSdj,0.0,0.0,1.0,0.0,2018-03-31 15:00:05+00:00
nytimes,The week's most notable new music https://t.co/ZVgG5tgSdj,0.0,0.0,1.0,0.0,2018-03-31 15:00:05+00:00
CNN,UK told to pull more diplomatic staff from Russia https://t.co/MEmRVCZlnD https://t.co/pChK7Vt4td,0.0,0.0,1.0,0.0,2018-03-31 15:00:07+00:00
CNN,UK told to pull more diplomatic staff from Russia https://t.co/MEmRVCZlnD https://t.co/pChK7Vt4td,0.0,0.0,1.0,0.0,2018-03-31 15:00:07+00:00
FoxNews,".@dbongino: ""You don't send [your children] to school for propaganda. You send them to school for learning. This wh‚Ä¶ https://t.co/asbw7i3ENc",0.0,0.095,0.905,-0.25,2018-03-31 15:03:25+00:00
CNN,"It took Baton Rouge police Officer Salamoni Blane less than 90 seconds to shoot Alton Sterling, but police took nea‚Ä¶ https://t.co/O4m1DNVgLC",0.0,0.078,0.922,-0.1779,2018-03-31 15:14:07+00:00
CNN,"It took Baton Rouge police Officer Salamoni Blane less than 90 seconds to shoot Alton Sterling, but police took nea‚Ä¶ https://t.co/O4m1DNVgLC",0.0,0.078,0.922,-0.1779,2018-03-31 15:14:07+00:00
FoxNews,"Stacey Dash drops congressional seat bid, slams 'Plantation Politics' https://t.co/pqmoaoErol",0.0,0.0,1.0,0.0,2018-03-31 15:14:37+00:00
nytimes,"Less than 5 weeks after declaring her candidacy for Congress, Stacey Dash is withdrawing from the race to represent‚Ä¶ https://t.co/SjSx6fi6xA",0.0,0.0,1.0,0.0,2018-03-31 15:15:04+00:00
nytimes,"Less than 5 weeks after declaring her candidacy for Congress, Stacey Dash is withdrawing from the race to represent‚Ä¶ https://t.co/SjSx6fi6xA",0.0,0.0,1.0,0.0,2018-03-31 15:15:04+00:00
FoxNews,.@THEHermanCain: @washingtonpost Admits President @realDonaldTrump's Economic Policies Are Working; Not Telling Ful‚Ä¶ https://t.co/DdHbE7k3Pu,0.155,0.0,0.845,0.296,2018-03-31 15:23:34+00:00
FoxNews,'America's Never Been Great': Student Records Teacher Saying @realDonaldTrump 'MAGA' Slogan Trying to Bring Back Se‚Ä¶ https://t.co/wiMi9XhKIs,0.0,0.0,1.0,0.0,2018-03-31 15:25:00+00:00
CBS,Give it up for @KelseaBallerini! This star is one of the Female Vocalist Of The Year nominees and she's ready to ta‚Ä¶ https://t.co/wLyHwkEGs2,0.113,0.0,0.887,0.4199,2018-03-31 15:30:00+00:00
CBS,Give it up for @KelseaBallerini! This star is one of the Female Vocalist Of The Year nominees and she's ready to ta‚Ä¶ https://t.co/wLyHwkEGs2,0.113,0.0,0.887,0.4199,2018-03-31 15:30:00+00:00
CNN,Body camera shows officer threatened to shoot Alton Sterling within seconds https://t.co/g0tu4eBFor https://t.co/5hdQQ0rvOX,0.0,0.329,0.671,-0.6597,2018-03-31 15:30:15+00:00
nytimes,"In @NYTOpinion, 

Op-Ed Columnist @FrankBruni talks to Ann Coulter about becoming a Trump critic, after being one o‚Ä¶ https://t.co/DVjzvcb4Tg",0.0,0.11,0.89,-0.2732,2018-03-31 15:30:15+00:00
CNN,Body camera shows officer threatened to shoot Alton Sterling within seconds https://t.co/g0tu4eBFor https://t.co/5hdQQ0rvOX,0.0,0.329,0.671,-0.6597,2018-03-31 15:30:15+00:00
nytimes,"In @NYTOpinion, 

Op-Ed Columnist @FrankBruni talks to Ann Coulter about becoming a Trump critic, after being one o‚Ä¶ https://t.co/DVjzvcb4Tg",0.0,0.11,0.89,-0.2732,2018-03-31 15:30:15+00:00
FoxNews,"CA @JerryBrownGov pardons five criminal illegal aliens; @PeteHegseth, @HuntsmanAbby, and @edhenry discuss.‚Ä¶ https://t.co/MbXM3DzSbH",0.115,0.365,0.521,-0.7003,2018-03-31 15:31:43+00:00
FoxNews,Black Bear Wakes from Hibernation in Glacier National Park https://t.co/uhQwtXmuem,0.0,0.0,1.0,0.0,2018-03-31 15:33:17+00:00
FoxNews,Footage shows Texas man pointing gun at officer before being shot to death https://t.co/bLbK9DlfL8,0.0,0.344,0.656,-0.743,2018-03-31 15:35:47+00:00
nytimes,The Compton Cowboys are 10 friends on a mission to combat negative stereotypes about African-Americans and the city‚Ä¶ https://t.co/y2duukhKgp,0.128,0.252,0.62,-0.4588,2018-03-31 15:45:06+00:00
nytimes,The Compton Cowboys are 10 friends on a mission to combat negative stereotypes about African-Americans and the city‚Ä¶ https://t.co/y2duukhKgp,0.128,0.252,0.62,-0.4588,2018-03-31 15:45:06+00:00
CNN,"""Clueless"" star and former Fox News commentator Stacey Dash is withdrawing her congressional bid. The actress and o‚Ä¶ https://t.co/UOyZa2qvtf",0.0,0.0,1.0,0.0,2018-03-31 15:46:54+00:00
CNN,"""Clueless"" star and former Fox News commentator Stacey Dash is withdrawing her congressional bid. The actress and o‚Ä¶ https://t.co/UOyZa2qvtf",0.0,0.0,1.0,0.0,2018-03-31 15:46:54+00:00
FoxNews,".@RepGoodlatte: ""We really think this should be an investigation outside of the Department of Justice."" https://t.co/wO8RXpx1a3",0.0,0.0,1.0,0.0,2018-03-31 15:47:23+00:00
FoxNews,Chrissy Teigen 'grew up' with 'Roseanne' but says she will not watch reboot https://t.co/pthlGFnWQH,0.0,0.0,1.0,0.0,2018-03-31 15:56:01+00:00
CNN,How five videos captured the fatal shooting of Alton Sterling https://t.co/7cgTivOcC2 https://t.co/1L7beRBree,0.0,0.241,0.759,-0.5423,2018-03-31 16:00:19+00:00
CNN,How five videos captured the fatal shooting of Alton Sterling https://t.co/7cgTivOcC2 https://t.co/1L7beRBree,0.0,0.241,0.759,-0.5423,2018-03-31 16:00:19+00:00
nytimes,He had a breakdown and later found refuge in a Bronx boatyard. He‚Äôd been running from a past most people would envy. https://t.co/BuGYaFbhmK,0.0,0.111,0.889,-0.3321,2018-03-31 16:00:23+00:00
nytimes,He had a breakdown and later found refuge in a Bronx boatyard. He‚Äôd been running from a past most people would envy. https://t.co/BuGYaFbhmK,0.0,0.111,0.889,-0.3321,2018-03-31 16:00:23+00:00
FoxNews,".@RobertJohnDavi: ""Hollywood had always had a certain kind of left-wing leaning... For the last 50 years it's gotte‚Ä¶ https://t.co/9mr5b8w6MR",0.11,0.0,0.89,0.2732,2018-03-31 16:02:21+00:00
FoxNews,"Andrew Pollack, daughter Meadow killed in Parkland shooting: ""We live in the greatest country in the world. We've g‚Ä¶ https://t.co/cTFNtDBjyn",0.157,0.169,0.674,-0.0772,2018-03-31 16:07:00+00:00
FoxNews,An Arizona highway patrolman gave his colleagues a tearful goodbye on his last day on the job after serving for 37‚Ä¶ https://t.co/3hcGqSrnkW,0.0,0.0,1.0,0.0,2018-03-31 16:07:53+00:00
FoxNews,An Arizona highway patrolman gave his colleagues a tearful goodbye on his last day on the job after serving for 37‚Ä¶ https://t.co/3hcGqSrnkW,0.0,0.0,1.0,0.0,2018-03-31 16:07:53+00:00
BBCWorld,French armed officers spark Italy migrant centre row https://t.co/91H7EAR5qs,0.192,0.0,0.808,0.2263,2018-03-31 16:08:58+00:00
BBCWorld,French armed officers spark Italy migrant centre row https://t.co/91H7EAR5qs,0.192,0.0,0.808,0.2263,2018-03-31 16:08:58+00:00
BBCWorld,Yemen war: Fire damages World Food Programme warehouses https://t.co/uz73fwDYMh,0.0,0.605,0.395,-0.8481,2018-03-31 16:14:12+00:00
BBCWorld,Yemen war: Fire damages World Food Programme warehouses https://t.co/uz73fwDYMh,0.0,0.605,0.395,-0.8481,2018-03-31 16:14:12+00:00
FoxNews,TOMORROW: @FoxNewsSunday has an exclusive interview with @LindseyGrahamSC - Tune in at 2p &amp; 7p ET on Fox News Chann‚Ä¶ https://t.co/zirLJQuxFf,0.073,0.0,0.927,0.128,2018-03-31 16:14:18+00:00
FoxNews,TOMORROW: @FoxNewsSunday has an exclusive interview with @LindseyGrahamSC - Tune in at 2p &amp; 7p ET on Fox News Chann‚Ä¶ https://t.co/zirLJQuxFf,0.073,0.0,0.927,0.128,2018-03-31 16:14:18+00:00
nytimes,"Commercial bail has grown into a $2 billion industry, and bond agents have become the payday lenders of the crimina‚Ä¶ https://t.co/zh9i0J8Re5",0.0,0.0,1.0,0.0,2018-03-31 16:15:04+00:00
nytimes,"Commercial bail has grown into a $2 billion industry, and bond agents have become the payday lenders of the crimina‚Ä¶ https://t.co/zh9i0J8Re5",0.0,0.0,1.0,0.0,2018-03-31 16:15:04+00:00
CNN,The now former United Nations undersecretary-general for political affairs warns that many of the leaders of UN mem‚Ä¶ https://t.co/91ZJtxfsmh,0.132,0.066,0.802,0.34,2018-03-31 16:15:04+00:00
CNN,The now former United Nations undersecretary-general for political affairs warns that many of the leaders of UN mem‚Ä¶ https://t.co/91ZJtxfsmh,0.132,0.066,0.802,0.34,2018-03-31 16:15:04+00:00
FoxNews,".@RobertJohnDavi: ""@therealroseanne always had an every-man appeal, every-woman appeal... A certain essence that sh‚Ä¶ https://t.co/5G1ew4rQOD",0.139,0.0,0.861,0.2732,2018-03-31 16:16:01+00:00
FoxNews,".@RobertJohnDavi: ""@therealroseanne always had an every-man appeal, every-woman appeal... A certain essence that sh‚Ä¶ https://t.co/5G1ew4rQOD",0.139,0.0,0.861,0.2732,2018-03-31 16:16:01+00:00
BBCWorld,"RT @BBCSteveR: After reading today's Russian papers, I have some good news &amp; some bad news. The good news: this isn't a new cold war. The b‚Ä¶",0.267,0.105,0.628,0.6647,2018-03-31 16:24:29+00:00
BBCWorld,"RT @BBCSteveR: After reading today's Russian papers, I have some good news &amp; some bad news. The good news: this isn't a new cold war. The b‚Ä¶",0.267,0.105,0.628,0.6647,2018-03-31 16:24:29+00:00
FoxNews,".@Mark_Penn: ""America always wants candidates to be gracious. I think you saw Al Gore after an incredibly difficult‚Ä¶ https://t.co/QAoAnNpMfT",0.175,0.0,0.825,0.5574,2018-03-31 16:28:05+00:00
FoxNews,".@Mark_Penn: ""America always wants candidates to be gracious. I think you saw Al Gore after an incredibly difficult‚Ä¶ https://t.co/QAoAnNpMfT",0.175,0.0,0.825,0.5574,2018-03-31 16:28:05+00:00
nytimes,The Trump administration has said that the teenagers seeking an abortion could either find a sponsor or voluntarily‚Ä¶ https://t.co/ByAbyUGhJU,0.0,0.0,1.0,0.0,2018-03-31 16:30:16+00:00
nytimes,The Trump administration has said that the teenagers seeking an abortion could either find a sponsor or voluntarily‚Ä¶ https://t.co/ByAbyUGhJU,0.0,0.0,1.0,0.0,2018-03-31 16:30:16+00:00
CNN,"While Larry Nassar was sexually abusing gymnasts at Twistars Gymnastics in Michigan, famed Olympic coach John Gedde‚Ä¶ https://t.co/9CgYOgma26",0.0,0.15,0.85,-0.4588,2018-03-31 16:31:49+00:00
CNN,"While Larry Nassar was sexually abusing gymnasts at Twistars Gymnastics in Michigan, famed Olympic coach John Gedde‚Ä¶ https://t.co/9CgYOgma26",0.0,0.15,0.85,-0.4588,2018-03-31 16:31:49+00:00
FoxNews,".@THEHermanCain: ""Fix the Post Office. Fix the postal system. It has been losing money for decades and they won't f‚Ä¶ https://t.co/6dtRtPjNpL",0.0,0.115,0.885,-0.3818,2018-03-31 16:34:00+00:00
FoxNews,".@THEHermanCain: ""Fix the Post Office. Fix the postal system. It has been losing money for decades and they won't f‚Ä¶ https://t.co/6dtRtPjNpL",0.0,0.115,0.885,-0.3818,2018-03-31 16:34:00+00:00
FoxNews,".@KevinJacksonTBS on 'universal' income: ""Why don't they just give out lottery tickets, cigarettes, and liquor whil‚Ä¶ https://t.co/huCXZEPvRi",0.0,0.0,1.0,0.0,2018-03-31 16:40:05+00:00
FoxNews,".@KevinJacksonTBS on 'universal' income: ""Why don't they just give out lottery tickets, cigarettes, and liquor whil‚Ä¶ https://t.co/huCXZEPvRi",0.0,0.0,1.0,0.0,2018-03-31 16:40:05+00:00
FoxNews,"On @foxandfriends, @dbongino slammed liberal teachers who bring their politics into the classroom.‚Ä¶ https://t.co/nexv9QPmwK",0.0,0.0,1.0,0.0,2018-03-31 16:45:00+00:00
FoxNews,"On @foxandfriends, @dbongino slammed liberal teachers who bring their politics into the classroom.‚Ä¶ https://t.co/nexv9QPmwK",0.0,0.0,1.0,0.0,2018-03-31 16:45:00+00:00
CNN,Who stands to gain if President Trump pulls the US out of Syria? https://t.co/mXWk3v4NnI https://t.co/OFZaPewNXz,0.195,0.0,0.805,0.5267,2018-03-31 16:45:08+00:00
nytimes,Our favorite Passover sweets https://t.co/G1g60fMOwj,0.674,0.0,0.326,0.7351,2018-03-31 16:45:08+00:00
nytimes,Our favorite Passover sweets https://t.co/G1g60fMOwj,0.674,0.0,0.326,0.7351,2018-03-31 16:45:08+00:00
CNN,Who stands to gain if President Trump pulls the US out of Syria? https://t.co/mXWk3v4NnI https://t.co/OFZaPewNXz,0.195,0.0,0.805,0.5267,2018-03-31 16:45:08+00:00
FoxNews,"TOMORROW: The Civil War Begins on Episode 2 of 'Legends &amp; Lies', hosted by Brian @Kilmeade - Tune in at 8p ET on Fo‚Ä¶ https://t.co/VzGJHwAeDy",0.0,0.151,0.849,-0.5994,2018-03-31 16:49:00+00:00
FoxNews,"TOMORROW: The Civil War Begins on Episode 2 of 'Legends &amp; Lies', hosted by Brian @Kilmeade - Tune in at 8p ET on Fo‚Ä¶ https://t.co/VzGJHwAeDy",0.0,0.151,0.849,-0.5994,2018-03-31 16:49:00+00:00
FoxNews,".@RealCandaceO: ""[@TheDemocrats] have been flying on autopilot for so long, just throwing out names - everybody's r‚Ä¶ https://t.co/DSSAZwhq7R",0.0,0.0,1.0,0.0,2018-03-31 16:53:35+00:00
FoxNews,".@RealCandaceO: ""[@TheDemocrats] have been flying on autopilot for so long, just throwing out names - everybody's r‚Ä¶ https://t.co/DSSAZwhq7R",0.0,0.0,1.0,0.0,2018-03-31 16:53:35+00:00
BBCWorld,Spy poisoning: UK plays down Russia complaint at plane search https://t.co/ZVk7MIb3UY,0.125,0.375,0.5,-0.6124,2018-03-31 16:54:08+00:00
BBCWorld,Spy poisoning: UK plays down Russia complaint at plane search https://t.co/ZVk7MIb3UY,0.125,0.375,0.5,-0.6124,2018-03-31 16:54:08+00:00
FoxNews,Disney star Alyson Stoner opens up about sexuality: 'I fell in love with a woman' https://t.co/w2IBIh4gxO,0.231,0.0,0.769,0.6369,2018-03-31 16:59:01+00:00
FoxNews,Disney star Alyson Stoner opens up about sexuality: 'I fell in love with a woman' https://t.co/w2IBIh4gxO,0.231,0.0,0.769,0.6369,2018-03-31 16:59:01+00:00
nytimes,"Researchers have made new discoveries about the in-between spaces in the human body, and some say it‚Äôs time to rewr‚Ä¶ https://t.co/kwD407jp1Y",0.0,0.0,1.0,0.0,2018-03-31 17:00:11+00:00
nytimes,"Researchers have made new discoveries about the in-between spaces in the human body, and some say it‚Äôs time to rewr‚Ä¶ https://t.co/kwD407jp1Y",0.0,0.0,1.0,0.0,2018-03-31 17:00:11+00:00
CNN,President Trump lashes out after California Gov. Jerry Brown pardons 5 immigrants under threat of deportation‚Ä¶ https://t.co/6z8bIKTfZo,0.112,0.173,0.714,-0.296,2018-03-31 17:00:16+00:00
CNN,President Trump lashes out after California Gov. Jerry Brown pardons 5 immigrants under threat of deportation‚Ä¶ https://t.co/6z8bIKTfZo,0.112,0.173,0.714,-0.296,2018-03-31 17:00:16+00:00
FoxNews,".@dangainor: Trump‚Äôs census question sends media into panic and other ridiculous news disasters
https://t.co/LjOxn589xG",0.0,0.461,0.539,-0.8555,2018-03-31 17:08:56+00:00
FoxNews,".@dangainor: Trump‚Äôs census question sends media into panic and other ridiculous news disasters
https://t.co/LjOxn589xG",0.0,0.461,0.539,-0.8555,2018-03-31 17:08:56+00:00
FoxNews,".@Peggynoonannyc: The wisdom of Oscar Hammerstein -- What his example can teach us today
https://t.co/qnPMiJRSpF",0.195,0.0,0.805,0.5267,2018-03-31 17:10:56+00:00
FoxNews,".@Peggynoonannyc: The wisdom of Oscar Hammerstein -- What his example can teach us today
https://t.co/qnPMiJRSpF",0.195,0.0,0.805,0.5267,2018-03-31 17:10:56+00:00
FoxNews,"Bullied Oklahoma boy, 7, adopts rescue cat with same rare eye condition and cleft lip https://t.co/l5p1EwI6VD",0.226,0.186,0.588,-0.0258,2018-03-31 17:14:50+00:00
FoxNews,"Bullied Oklahoma boy, 7, adopts rescue cat with same rare eye condition and cleft lip https://t.co/l5p1EwI6VD",0.226,0.186,0.588,-0.0258,2018-03-31 17:14:50+00:00
CNN,FBI Deputy Director Andrew McCabe's legal defense fund exceeds fundraising goal in about a day‚Ä¶ https://t.co/TQmAi4HdbD,0.188,0.0,0.812,0.25,2018-03-31 17:15:08+00:00
nytimes,"Stephen Hawking's funeral was held in Cambridge, England. Eddie Redmayne, who played him in ""The Theory of Everythi‚Ä¶ https://t.co/dQAsvTcchL",0.11,0.114,0.776,-0.0258,2018-03-31 17:15:08+00:00
CNN,FBI Deputy Director Andrew McCabe's legal defense fund exceeds fundraising goal in about a day‚Ä¶ https://t.co/TQmAi4HdbD,0.188,0.0,0.812,0.25,2018-03-31 17:15:08+00:00
nytimes,"Stephen Hawking's funeral was held in Cambridge, England. Eddie Redmayne, who played him in ""The Theory of Everythi‚Ä¶ https://t.co/dQAsvTcchL",0.11,0.114,0.776,-0.0258,2018-03-31 17:15:08+00:00
FoxNews,"TOMORROW on @SundayFutures, @MariaBartiromo speaks to @DarrellIssa and Gen. Jack Keane - Tune in at 10a ET on Fox N‚Ä¶ https://t.co/LSXHd7LHDb",0.0,0.0,1.0,0.0,2018-03-31 17:20:00+00:00
FoxNews,"TOMORROW on @SundayFutures, @MariaBartiromo speaks to @DarrellIssa and Gen. Jack Keane - Tune in at 10a ET on Fox N‚Ä¶ https://t.co/LSXHd7LHDb",0.0,0.0,1.0,0.0,2018-03-31 17:20:00+00:00
FoxNews,"RT @FoxBusiness: Twitter officially bans cryptocurrency ads, joining Facebook, Google https://t.co/vKDfwn7sJV",0.0,0.0,1.0,0.0,2018-03-31 17:21:57+00:00
FoxNews,"RT @FoxBusiness: Twitter officially bans cryptocurrency ads, joining Facebook, Google https://t.co/vKDfwn7sJV",0.0,0.0,1.0,0.0,2018-03-31 17:21:57+00:00
FoxNews,RT @FoxBusiness: Toys ‚ÄòR‚Äô Us would-be savior disappointed others haven‚Äôt stepped forward https://t.co/5oZJ51v0aH,0.0,0.205,0.795,-0.4767,2018-03-31 17:22:04+00:00
FoxNews,RT @FoxBusiness: Toys ‚ÄòR‚Äô Us would-be savior disappointed others haven‚Äôt stepped forward https://t.co/5oZJ51v0aH,0.0,0.205,0.795,-0.4767,2018-03-31 17:22:04+00:00
FoxNews,"RT @FoxBusiness: .@kayleighmcenany: ""We want to defund sanctuary cities, we want to defund @PPFA. These are basic conservative principles..‚Ä¶",0.133,0.0,0.867,0.1531,2018-03-31 17:22:07+00:00
FoxNews,"RT @FoxBusiness: .@kayleighmcenany: ""We want to defund sanctuary cities, we want to defund @PPFA. These are basic conservative principles..‚Ä¶",0.133,0.0,0.867,0.1531,2018-03-31 17:22:07+00:00
FoxNews,"On @foxandfriends, @RealCandaceO called @HillaryClinton's recent comments ""remarkably tone-deaf.""‚Ä¶ https://t.co/ZdnZkfORno",0.0,0.0,1.0,0.0,2018-03-31 17:25:00+00:00
FoxNews,"On @foxandfriends, @RealCandaceO called @HillaryClinton's recent comments ""remarkably tone-deaf.""‚Ä¶ https://t.co/ZdnZkfORno",0.0,0.0,1.0,0.0,2018-03-31 17:25:00+00:00
FoxNews,"Anti-Trump artists convert NYC Trump hotel room into exhibit complete with live rats
https://t.co/SQ9g8FMd9B",0.0,0.0,1.0,0.0,2018-03-31 17:25:18+00:00
FoxNews,"Anti-Trump artists convert NYC Trump hotel room into exhibit complete with live rats
https://t.co/SQ9g8FMd9B",0.0,0.0,1.0,0.0,2018-03-31 17:25:18+00:00
CNN,"President Trump continues attacks on Amazon, Washington Post https://t.co/LH7B7pZ70V https://t.co/R6RDyFiGtc",0.135,0.23,0.635,-0.296,2018-03-31 17:30:11+00:00
CNN,"President Trump continues attacks on Amazon, Washington Post https://t.co/LH7B7pZ70V https://t.co/R6RDyFiGtc",0.135,0.23,0.635,-0.296,2018-03-31 17:30:11+00:00
nytimes,"Vermont's new gun restrictions are a remarkable departure from the state‚Äôs existing laws, which are some of the wea‚Ä¶ https://t.co/YsTvVbahgY",0.157,0.104,0.739,0.296,2018-03-31 17:30:12+00:00
nytimes,"Vermont's new gun restrictions are a remarkable departure from the state‚Äôs existing laws, which are some of the wea‚Ä¶ https://t.co/YsTvVbahgY",0.157,0.104,0.739,0.296,2018-03-31 17:30:12+00:00
FoxNews,".@RepMikeCoffman: ""Former @SecShulkin was removed because he was an incompetent leader."" https://t.co/IuPmo7Ghan",0.0,0.22,0.78,-0.4767,2018-03-31 17:30:15+00:00
FoxNews,".@RepMikeCoffman: ""Former @SecShulkin was removed because he was an incompetent leader."" https://t.co/IuPmo7Ghan",0.0,0.22,0.78,-0.4767,2018-03-31 17:30:15+00:00
